,Age,C0.4,C1,C2.5,C5,C10,C25,C50,C75,C90,C95,C97.5,C99,C99.6
LThickness,5,2.555366,2.599829,2.645627,2.682174,2.721779,2.783714,2.849191,2.91438,2.975519,3.014349,3.049998,3.094427,3.137301
,10,2.466464,2.504508,2.544944,2.578088,2.614812,2.673618,2.736897,2.799976,2.85824,2.894452,2.927021,2.966609,3.00371
,15,2.379005,2.413151,2.45019,2.481082,2.515803,2.572267,2.633736,2.695087,2.751231,2.785658,2.816223,2.852794,2.886431
,20,2.314381,2.346261,2.381305,2.410864,2.444401,2.49949,2.559932,2.620326,2.675289,2.708711,2.738144,2.77301,2.804701
,30,2.239063,2.269048,2.302479,2.331021,2.363731,2.418054,2.478168,2.538334,2.592794,2.625629,2.654305,2.687925,2.718107
,40,2.192684,2.222321,2.255558,2.284074,2.316891,2.371635,2.432428,2.493314,2.548303,2.581339,2.610091,2.643656,2.673633
,50,2.159525,2.1895,2.223189,2.252146,2.285517,2.34127,2.403244,2.4653,2.521269,2.554833,2.583996,2.617971,2.648244
,60,2.130022,2.160662,2.195111,2.224728,2.258865,2.315893,2.379254,2.442636,2.49972,2.533906,2.563576,2.598099,2.628815
,70,2.069397,2.100419,2.135278,2.165228,2.199727,2.2573,2.321173,2.384958,2.442301,2.476592,2.506322,2.540875,2.571581
,80,2.02281,2.054506,2.090083,2.120619,2.155754,2.214302,2.279127,2.343725,2.40168,2.436285,2.466252,2.501043,2.531926
,90,1.979117,2.011576,2.047963,2.079155,2.115002,2.174633,2.240511,2.306008,2.364646,2.399603,2.429842,2.46491,2.496005
RThickness,5,2.567658,2.607334,2.650473,2.68641,2.726608,2.791079,2.859166,2.923954,2.979748,3.012099,3.039569,3.070855,3.098108
,10,2.464401,2.500486,2.540123,2.573452,2.611056,2.672059,2.73737,2.800321,2.855138,2.887168,2.914505,2.945792,2.973175
,15,2.375155,2.408254,2.444942,2.476055,2.511441,2.569468,2.632421,2.693882,2.748009,2.779891,2.807246,2.838716,2.8664
,20,2.312366,2.343314,2.377873,2.40739,2.441188,2.497131,2.558534,2.619182,2.67315,2.705179,2.732801,2.764736,2.792968
,30,2.237487,2.266484,2.299115,2.32719,2.359572,2.413711,2.473906,2.534147,2.588403,2.620889,2.649076,2.681861,2.711018
,40,2.191798,2.220548,2.252963,2.280906,2.313194,2.367318,2.427701,2.488341,2.543135,2.576023,2.604607,2.637909,2.667576
,50,2.161125,2.190242,2.223093,2.251428,2.284192,2.33916,2.400557,2.462289,2.518131,2.551677,2.580849,2.614856,2.645167
,60,2.131637,2.161549,2.195286,2.224379,2.258008,2.314406,2.377366,2.440634,2.497837,2.532187,2.56205,2.596852,2.627865
,70,2.06734,2.0983,2.133129,2.163089,2.197635,2.255372,2.319537,2.383719,2.441498,2.476083,2.506084,2.54097,2.571989
,80,2.0203,2.053075,2.089805,2.121281,2.157443,2.217571,2.283959,2.349924,2.408945,2.444114,2.474528,2.509787,2.541041
,90,1.974998,2.009942,2.048925,2.082187,2.120241,2.183151,2.252104,2.320118,2.380572,2.416423,2.447324,2.483034,2.514588
L_bankssts,5,2.401344,2.471978,2.549761,2.615123,2.688548,2.806071,2.928521,3.0507,3.167454,3.240148,3.304695,3.381307,3.450688
,10,2.291201,2.3588,2.433316,2.496004,2.56652,2.679645,2.797945,2.915938,3.0282,3.097895,3.159672,3.232882,3.299086
,15,2.183187,2.247799,2.319093,2.37914,2.446774,2.555526,2.669666,2.783466,2.891266,2.957999,3.017047,3.086914,3.150004
,20,2.10439,2.166865,2.235869,2.294053,2.359676,2.465437,2.576836,2.687861,2.792574,2.857211,2.914305,2.981753,3.042572
,30,2.029251,2.089873,2.156963,2.213661,2.277777,2.381579,2.491698,2.601357,2.703889,2.766817,2.822207,2.88744,2.946095
,40,1.982626,2.042274,2.108415,2.164435,2.227951,2.331246,2.4416,2.551399,2.653179,2.715289,2.769769,2.833732,2.891081
,50,1.9479,2.006999,2.072656,2.128391,2.191745,2.295242,2.406576,2.517253,2.61897,2.680685,2.734632,2.797773,2.854225
,60,1.914275,1.972937,2.038232,2.09378,2.157084,2.260958,2.373461,2.485195,2.587009,2.648429,2.701933,2.764361,2.82002
,70,1.863147,1.920903,1.98531,2.04022,2.102956,2.206351,2.319087,2.430942,2.532002,2.592616,2.645237,2.706445,2.760862
,80,1.822114,1.879309,1.943208,1.9978,2.060329,2.163833,2.277431,2.390025,2.490893,2.551045,2.603084,2.663429,2.71693
,90,1.784656,1.841413,1.904936,1.959321,2.021767,2.12558,2.240254,2.353793,2.45465,2.514451,2.566006,2.625609,2.678304
L_caudalanteriorcingulate,5,2.364944,2.464126,2.571899,2.661909,2.763195,2.928071,3.107633,3.286686,3.450201,3.550226,3.638844,3.74461,3.841616
,10,2.280404,2.374022,2.476288,2.562108,2.659097,2.817854,2.99184,3.166288,3.326277,3.424404,3.51148,3.61555,3.711117
,15,2.210971,2.299919,2.397575,2.479903,2.573335,2.727096,2.896656,3.067601,3.225057,3.321898,3.407977,3.511008,3.605749
,20,2.153444,2.238529,2.332379,2.411836,2.502363,2.652099,2.818196,2.986532,3.142233,3.238254,3.323743,3.426221,3.520579
,30,2.066977,2.14669,2.235288,2.310827,2.39745,2.541942,2.703799,2.869275,3.023387,3.118843,3.204054,3.306436,3.400899
,40,2.02022,2.09768,2.184275,2.258501,2.344039,2.487637,2.64968,2.81641,2.972449,3.069384,3.15606,3.260348,3.356678
,50,1.996717,2.074851,2.162499,2.237859,2.324943,2.471634,2.637759,2.809131,2.969732,3.069533,3.158759,3.266066,3.36511
,60,1.987518,2.070008,2.162489,2.241941,2.333663,2.487877,2.66196,2.840753,3.00744,3.110547,3.202398,3.312425,3.41354
,70,1.95196,2.041251,2.140853,2.225999,2.323799,2.487023,2.669413,2.85463,3.025335,3.129962,3.22254,3.332656,3.433101
,80,1.929636,2.029898,2.140735,2.234675,2.341684,2.518224,2.712556,2.906826,3.083202,3.190062,3.283838,3.394444,3.494459
,90,1.93121,2.048016,2.175487,2.282258,2.402561,2.598154,2.809612,3.017252,3.202701,3.313696,3.410278,3.523225,3.624474
L_caudalmiddlefrontal,5,2.342883,2.424314,2.50759,2.573313,2.643315,2.748589,2.851447,2.945852,3.027539,3.075,3.11529,3.161119,3.200955
,10,2.319931,2.390032,2.463923,2.523723,2.588782,2.689135,2.789927,2.884548,2.967846,3.016821,3.058719,3.106727,3.148753
,15,2.28307,2.344053,2.409907,2.464345,2.524696,2.620012,2.718361,2.812854,2.897592,2.948069,2.991631,3.041965,3.08639
,20,2.242529,2.296326,2.355556,2.405397,2.461566,2.552211,2.648185,2.742561,2.828849,2.880979,2.926402,2.979383,3.026582
,30,2.183634,2.229547,2.28127,2.325761,2.376982,2.462109,2.555658,2.650912,2.740664,2.796144,2.84527,2.903509,2.956253
,40,2.140052,2.183774,2.233417,2.276452,2.326387,2.410331,2.503998,2.600673,2.692744,2.750149,2.801302,2.862344,2.918006
,50,2.098609,2.143726,2.194839,2.239056,2.29026,2.376116,2.471622,2.569624,2.662208,2.719581,2.770489,2.830982,2.88591
,60,2.04561,2.093741,2.14788,2.194397,2.247908,2.33682,2.434599,2.533506,2.625449,2.681735,2.731257,2.789606,2.842136
,70,1.981101,2.031689,2.088258,2.13659,2.191896,2.283145,2.382637,2.482169,2.573527,2.628933,2.677373,2.734092,2.784838
,80,1.937197,1.99015,2.049129,2.099338,2.156601,2.250675,2.352742,2.454113,2.546329,2.601896,2.650268,2.706674,2.756936
,90,1.912281,1.96761,2.029093,2.081327,2.140792,2.238278,2.343809,2.448153,2.542471,2.599049,2.648158,2.705265,2.756016
L_cuneus,5,1.857743,1.898959,1.946338,1.987966,2.036989,2.121427,2.219062,2.320872,2.41621,2.474999,2.527065,2.588887,2.645029
,10,1.71678,1.755325,1.799697,1.838739,1.884784,1.964261,2.056426,2.152831,2.243383,2.299352,2.349005,2.408061,2.461785
,15,1.613987,1.650628,1.692869,1.73009,1.774052,1.850099,1.938547,2.031361,2.118813,2.172997,2.221151,2.278526,2.330816
,20,1.564689,1.600543,1.641937,1.678464,1.72167,1.796572,1.883946,1.97593,2.062876,2.116881,2.164961,2.222352,2.274756
,30,1.510156,1.545065,1.585477,1.621233,1.663646,1.737474,1.824082,1.915829,2.003092,2.057558,2.106219,2.164515,2.217945
,40,1.484347,1.518563,1.558265,1.593479,1.635352,1.708513,1.794784,1.886707,1.974648,2.029794,2.079229,2.138662,2.193334
,50,1.461224,1.494694,1.533619,1.568222,1.609467,1.681791,1.767507,1.859361,1.947754,2.003442,2.053535,2.113976,2.169787
,60,1.44966,1.482622,1.52104,1.55527,1.596165,1.668131,1.753855,1.846251,1.935695,1.992318,2.043434,2.105341,2.162733
,70,1.431684,1.463995,1.501735,1.535435,1.575792,1.647065,1.732397,1.824912,1.915023,1.972354,2.024304,2.087469,2.146274
,80,1.412539,1.444165,1.481182,1.514309,1.554071,1.624543,1.709347,1.801839,1.892496,1.950473,2.003213,2.067606,2.12782
,90,1.369731,1.400153,1.435834,1.467834,1.506332,1.574806,1.65763,1.748513,1.83817,1.895817,1.94847,2.01304,2.073706
L_entorhinal,5,2.277819,2.415695,2.564898,2.688831,2.827251,3.049207,3.284073,3.508461,3.702695,3.815815,3.912188,4.022332,4.118627
,10,2.318771,2.449179,2.591976,2.711814,2.846886,3.065964,3.300839,3.527906,3.726395,3.842769,3.942344,4.056619,4.156921
,15,2.352732,2.476527,2.61347,2.729447,2.861249,3.077306,3.311848,3.541222,3.743693,3.863208,3.965925,4.084304,4.188636
,20,2.370339,2.488287,2.619839,2.73209,2.860547,3.073056,3.30629,3.536766,3.742042,3.863978,3.969213,4.090981,4.198721
,30,2.360185,2.470129,2.593946,2.700556,2.823604,3.029513,3.25871,3.488319,3.695304,3.819319,3.926966,4.052223,4.163662
,40,2.34955,2.457345,2.57912,2.68428,2.805995,3.010459,3.239143,3.469326,3.677713,3.802951,3.911886,4.038899,4.152126
,50,2.348903,2.459241,2.583697,2.691017,2.81506,3.023035,3.255088,3.488109,3.698614,3.824929,3.934686,4.062527,4.176376
,60,2.336728,2.453463,2.584334,2.696539,2.825522,3.040189,3.277531,3.513739,3.725436,3.851745,3.961077,4.087949,4.200522
,70,2.264416,2.390027,2.529185,2.647201,2.781496,3.002027,3.241944,3.477066,3.684996,3.807894,3.913612,4.035553,4.143115
,80,2.112771,2.250641,2.400184,2.524668,2.663985,2.887975,3.125765,3.353653,3.55145,3.666866,3.765319,3.877978,3.97659
,90,1.935754,2.091965,2.256085,2.389146,2.534778,2.76274,2.997756,3.217354,3.404125,3.511641,3.602567,3.705777,3.795421
L_fusiform,5,2.421028,2.525882,2.626087,2.701033,2.77743,2.886513,2.987145,3.076757,3.153859,3.198436,3.236127,3.278809,3.315737
,10,2.402839,2.481035,2.561009,2.624058,2.691068,2.791355,2.888488,2.978086,3.056993,3.103348,3.142952,3.188246,3.227808
,15,2.369371,2.431215,2.497354,2.551519,2.611013,2.70372,2.797668,2.887441,2.968505,3.016986,3.058907,3.107412,3.150265
,20,2.338439,2.391264,2.449251,2.49789,2.55251,2.640143,2.732128,2.822562,2.905924,2.956554,3.000805,3.052557,3.098771
,30,2.274175,2.32624,2.383565,2.431804,2.486174,2.573934,2.666891,2.758256,2.841682,2.892039,2.935891,2.987013,3.032533
,40,2.216722,2.270956,2.330364,2.380146,2.436068,2.526043,2.621136,2.713578,2.796407,2.845754,2.888372,2.937673,2.981251
,50,2.205115,2.25563,2.311793,2.359534,2.413921,2.503186,2.599989,2.695615,2.78175,2.833294,2.877966,2.929839,2.975878
,60,2.199267,2.246923,2.300572,2.346745,2.400005,2.48903,2.587947,2.687165,2.776982,2.830954,2.877889,2.932596,2.981347
,70,2.150393,2.19907,2.253799,2.300863,2.355136,2.445914,2.546978,2.647641,2.73738,2.790726,2.836802,2.890167,2.937436
,80,2.127077,2.171939,2.223083,2.267677,2.319835,2.408925,2.510947,2.614616,2.707922,2.763801,2.812334,2.868876,2.919271
,90,2.125553,2.163055,2.206882,2.246082,2.293164,2.3769,2.478373,2.587108,2.68929,2.75258,2.808913,2.87623,2.937838
L_inferiorparietal,5,2.486679,2.552233,2.620259,2.674827,2.7341,2.826542,2.922768,3.015471,3.098332,3.14853,3.192849,3.245689,3.294213
,10,2.352434,2.411107,2.472923,2.523155,2.578313,2.665407,2.757121,2.846056,2.925651,2.973775,3.016141,3.066449,3.11241
,15,2.233847,2.286997,2.343731,2.390351,2.442037,2.52456,2.612397,2.698138,2.775038,2.821494,2.862315,2.910651,2.954641
,20,2.159905,2.209313,2.262641,2.30689,2.356359,2.436128,2.521873,2.606117,2.68188,2.727648,2.767821,2.815297,2.858386
,30,2.092466,2.137918,2.187799,2.229797,2.277354,2.355226,2.440242,2.524665,2.600966,2.647086,2.687518,2.735177,2.778266
,40,2.060078,2.103929,2.152566,2.193906,2.241107,2.319175,2.405275,2.49137,2.569425,2.616614,2.65794,2.706559,2.75039
,50,2.029722,2.072735,2.120804,2.161937,2.209185,2.287905,2.375389,2.463349,2.543317,2.591693,2.634043,2.683815,2.728611
,60,1.999275,2.041815,2.089633,2.130764,2.178234,2.257795,2.346782,2.4367,2.5187,2.568369,2.611865,2.662977,2.708952
,70,1.937168,1.978758,2.025729,2.066308,2.113327,2.192537,2.281647,2.372131,2.454936,2.505188,2.549237,2.601031,2.647633
,80,1.889257,1.930039,1.976321,2.016489,2.063234,2.142441,2.232178,2.323899,2.408295,2.459699,2.504859,2.558069,2.606034
,90,1.831781,1.871401,1.916592,1.956001,2.00208,2.080665,2.170427,2.262918,2.348639,2.40112,2.447385,2.502077,2.551538
L_inferiortemporal,5,2.441356,2.541915,2.642847,2.721559,2.804857,2.929941,3.052965,3.163167,3.253685,3.304567,3.346941,3.394343,3.43494
,10,2.425003,2.503619,2.586581,2.653942,2.727629,2.842633,2.960465,3.069684,3.161804,3.214486,3.258835,3.308944,3.352264
,15,2.392721,2.456848,2.526872,2.585453,2.651251,2.757403,2.870364,2.978689,3.072648,3.127415,3.174086,3.227431,3.274064
,20,2.360118,2.414855,2.476007,2.52826,2.588128,2.687301,2.796286,2.90408,3.000136,3.057206,3.106461,3.163455,3.21388
,30,2.318247,2.366813,2.421902,2.46967,2.525187,2.619006,2.724779,2.832152,2.930147,2.989403,3.041167,3.101781,3.156053
,40,2.275817,2.325889,2.382426,2.431232,2.487705,2.582546,2.688607,2.795371,2.892047,2.950165,3.000728,3.059698,3.112283
,50,2.253934,2.304685,2.362014,2.411522,2.46883,2.565126,2.672889,2.781443,2.879805,2.938963,2.99045,3.050515,3.104095
,60,2.231536,2.281467,2.338241,2.387586,2.445069,2.54253,2.652881,2.765396,2.86851,2.931054,2.985807,3.050058,3.107709
,70,2.185095,2.234206,2.290461,2.339714,2.397509,2.496538,2.610239,2.727899,2.837262,2.904311,2.963451,3.03338,3.096611
,80,2.1562,2.204209,2.25977,2.308918,2.367201,2.468623,2.587558,2.71351,2.833277,2.908021,2.974793,3.054782,3.128092
,90,2.124211,2.171613,2.226962,2.276372,2.335523,2.439939,2.564873,2.700232,2.831983,2.915763,2.99165,3.083884,3.169717
L_isthmuscingulate,5,2.46208,2.519695,2.586346,2.645281,2.715138,2.836611,2.978902,3.129386,3.272273,3.361336,3.440828,3.535963,3.623063
,10,2.358683,2.415194,2.480524,2.538249,2.606621,2.725377,2.864262,3.010875,3.149824,3.236302,3.313402,3.405566,3.489844
,15,2.260337,2.315803,2.379878,2.436452,2.503409,2.619568,2.75519,2.898086,3.033251,3.117244,3.192043,3.281352,3.362919
,20,2.175122,2.22981,2.292938,2.348632,2.414493,2.52861,2.661615,2.80148,2.933514,3.015432,3.088298,3.175196,3.254462
,30,2.068177,2.12283,2.185813,2.241285,2.306768,2.41993,2.551336,2.688949,2.81832,2.898323,2.969317,3.053773,3.130616
,40,2.010799,2.066743,2.131095,2.187665,2.254315,2.369162,2.501995,2.640491,2.770122,2.850012,2.92073,3.004647,3.080799
,50,1.958962,2.016452,2.082446,2.14034,2.208404,2.325319,2.459963,2.59969,2.729872,2.809814,2.880399,2.963939,3.039546
,60,1.909397,1.968631,2.036472,2.095847,2.16549,2.284706,2.421365,2.562477,2.693313,2.773358,2.843848,2.927054,3.002153
,70,1.841005,1.901519,1.970646,2.030992,2.10159,2.221991,2.359321,2.500373,2.63049,2.709789,2.779432,2.861413,2.935202
,80,1.783806,1.846091,1.917035,1.978791,2.050832,2.173192,2.312008,2.453784,2.583873,2.662838,2.731995,2.813176,2.886038
,90,1.754969,1.82025,1.894365,1.958674,2.033458,2.159912,2.302541,2.447342,2.579469,2.659338,2.729086,2.81073,2.883798
L_lateraloccipital,5,2.118075,2.15819,2.203675,2.243093,2.288872,2.366122,2.453011,2.541365,2.622459,2.671692,2.714811,2.765424,2.810845
,10,2.013502,2.052012,2.095673,2.133498,2.177403,2.251402,2.334462,2.419091,2.49723,2.544872,2.586709,2.635942,2.680232
,15,1.926503,1.963711,2.005889,2.04242,2.0848,2.156144,2.236057,2.317645,2.393431,2.439836,2.480699,2.52891,2.572387
,20,1.87876,1.9154,1.95693,1.992888,2.034585,2.104695,2.183062,2.263237,2.338163,2.38424,2.424929,2.473059,2.516572
,30,1.841825,1.878443,1.919943,1.955857,1.997461,2.067257,2.144951,2.224767,2.300283,2.347133,2.38874,2.438222,2.483191
,40,1.827413,1.864454,1.906428,1.942737,1.984761,2.055107,2.13309,2.213546,2.290628,2.338882,2.381988,2.433541,2.480648
,50,1.817108,1.854684,1.897266,1.934088,1.976672,2.047805,2.12634,2.207721,2.286697,2.336596,2.381442,2.435391,2.484971
,60,1.795481,1.833397,1.876368,1.913517,1.956449,2.028023,2.106729,2.18866,2.26922,2.320605,2.36708,2.423332,2.475343
,70,1.747273,1.784967,1.827698,1.864633,1.907292,1.978281,2.056037,2.137361,2.218406,2.270609,2.318134,2.376031,2.429906
,80,1.71481,1.752599,1.795451,1.832489,1.875245,1.946273,2.023772,2.10522,2.187515,2.241058,2.29014,2.350339,2.406739
,90,1.65483,1.692066,1.734307,1.770818,1.812948,1.882823,1.958774,2.038995,2.121198,2.175239,2.225132,2.286765,2.344929
L_lateralorbitofrontal,5,2.647113,2.733181,2.820004,2.888024,2.960455,3.070827,3.18302,3.28921,3.38309,3.439675,3.48953,3.548919,3.603459
,10,2.514902,2.586546,2.66101,2.72084,2.785946,2.887798,2.994379,3.09781,3.19108,3.248035,3.298636,3.359384,3.415594
,15,2.402662,2.464732,2.530696,2.58475,2.644612,2.740361,2.843145,2.945213,3.039021,3.097054,3.149053,3.211995,3.270708
,20,2.323904,2.380651,2.44187,2.492724,2.549747,2.642441,2.743853,2.846335,2.941921,3.001658,3.055545,3.121201,3.182843
,30,2.232096,2.285179,2.343155,2.391855,2.447017,2.537835,2.638605,2.741628,2.838502,2.899314,2.954298,3.021402,3.084475
,40,2.181864,2.233876,2.290865,2.338862,2.393338,2.48318,2.582892,2.684586,2.779741,2.83915,2.89261,2.957492,3.018085
,50,2.165807,2.216993,2.273246,2.320737,2.374739,2.463946,2.56299,2.663804,2.757741,2.816117,2.868432,2.93162,2.990305
,60,2.156942,2.206241,2.260802,2.30716,2.360177,2.448389,2.54709,2.648162,2.742692,2.80153,2.854285,2.918002,2.977148
,70,2.10439,2.151532,2.204291,2.249588,2.301906,2.390115,2.490412,2.594689,2.69349,2.755543,2.811508,2.879488,2.94294
,80,2.068077,2.113927,2.165922,2.211135,2.264007,2.354703,2.460133,2.572253,2.680743,2.749965,2.813096,2.890653,2.963895
,90,2.031747,2.076118,2.127106,2.172025,2.225241,2.318265,2.429165,2.550373,2.670888,2.749458,2.822267,2.913237,3.000716
L_lingual,5,2.019893,2.064336,2.11309,2.154199,2.200911,2.278081,2.36393,2.451715,2.534075,2.585607,2.632054,2.68852,2.741351
,10,1.891561,1.933008,1.978736,2.017486,2.061704,2.135102,2.217084,2.301029,2.379668,2.42873,2.472819,2.526215,2.575944
,15,1.794764,1.834045,1.877604,1.914679,1.957146,2.027938,2.107303,2.188682,2.264836,2.312238,2.354729,2.406028,2.453618
,20,1.7434,1.781558,1.824062,1.86038,1.90212,1.971969,2.050543,2.131225,2.206673,2.253547,2.29548,2.345971,2.39266
,30,1.699285,1.736221,1.777666,1.813309,1.854502,1.923876,2.002368,2.083178,2.158683,2.205463,2.247181,2.297208,2.343232
,40,1.668628,1.704334,1.744626,1.779448,1.819865,1.888274,1.966032,2.046269,2.121217,2.167568,2.208814,2.258132,2.303339
,50,1.643556,1.678338,1.717764,1.751975,1.79182,1.859544,1.936832,2.016772,2.09147,2.137625,2.178644,2.227601,2.272368
,60,1.621617,1.65612,1.695382,1.729569,1.769514,1.837671,1.915767,1.996774,2.072571,2.11941,2.161021,2.210644,2.255965
,70,1.571751,1.605833,1.644753,1.678753,1.718596,1.786838,1.865362,1.94709,2.023731,2.071142,2.113275,2.163524,2.209407
,80,1.52133,1.555184,1.593969,1.627953,1.667891,1.73655,1.815896,1.898797,1.976764,2.025079,2.068057,2.119351,2.166212
,90,1.49134,1.525495,1.564745,1.599234,1.639875,1.71,1.791402,1.876804,1.957402,2.007461,2.052054,2.105343,2.154083
L_medialorbitofrontal,5,2.461426,2.521226,2.587652,2.644273,2.709217,2.817653,2.939423,3.06443,3.181479,3.254342,3.319648,3.39847,3.471564
,10,2.298149,2.354034,2.416177,2.469209,2.530108,2.631986,2.746716,2.864901,2.975978,3.045345,3.107669,3.183089,3.253228
,15,2.183816,2.236966,2.296132,2.34668,2.404797,2.502206,2.612219,2.725944,2.833244,2.900472,2.961027,3.034508,3.103046
,20,2.112034,2.163478,2.220805,2.269837,2.326279,2.421063,2.528424,2.639806,2.745314,2.811644,2.871547,2.944445,3.01265
,30,2.026726,2.076124,2.131291,2.178583,2.23316,2.325178,2.430046,2.539673,2.644403,2.710726,2.770962,2.844719,2.914196
,40,1.987858,2.036229,2.090372,2.136904,2.19075,2.281938,2.386565,2.496873,2.603265,2.671199,2.733298,2.809874,2.882572
,50,1.972934,2.02072,2.074346,2.120561,2.174202,2.265492,2.371036,2.483385,2.592933,2.663551,2.728587,2.809453,2.886929
,60,1.957275,2.004334,2.057289,2.103061,2.156364,2.247569,2.353909,2.468334,2.581295,2.654912,2.723301,2.809164,2.892325
,70,1.944418,1.990761,2.043053,2.088389,2.141363,2.232519,2.339758,2.456504,2.573342,2.65042,2.722733,2.814537,2.904582
,80,1.912088,1.957246,2.008333,2.052755,2.104836,2.194968,2.301989,2.419947,2.53975,2.619853,2.695836,2.793527,2.890753
,90,1.878236,1.922189,1.972035,2.015499,2.066626,2.155611,2.262277,2.381374,2.504266,2.587653,2.667729,2.772174,2.877889
L_middletemporal,5,2.519374,2.667693,2.800446,2.895034,2.988297,3.117768,3.235271,3.335444,3.415921,3.460523,3.497328,3.538139,3.572794
,10,2.555687,2.655708,2.754769,2.83109,2.910924,3.02883,3.142273,3.243847,3.328886,3.377255,3.417796,3.463386,3.502602
,15,2.546132,2.618837,2.69609,2.75907,2.828061,2.935491,3.044696,3.147631,3.237918,3.29089,3.336162,3.387999,3.433355
,20,2.514413,2.571508,2.634747,2.688257,2.748875,2.847369,2.952507,3.056819,3.153059,3.211589,3.262818,3.322834,3.376534
,30,2.43014,2.482679,2.541549,2.591894,2.649484,2.744203,2.846695,2.950742,3.049745,3.11133,3.166058,3.231135,3.290225
,40,2.339422,2.40367,2.473274,2.530939,2.594943,2.696001,2.799976,2.900828,2.993192,3.048997,3.097582,3.154173,3.204495
,50,2.329195,2.390001,2.456466,2.511995,2.574124,2.673319,2.77683,2.878086,2.971055,3.027355,3.076463,3.133781,3.184863
,60,2.320619,2.372544,2.430815,2.480768,2.538108,2.633103,2.737191,2.842036,2.939063,2.998263,3.05023,3.111322,3.166196
,70,2.245635,2.29512,2.351238,2.399904,2.456499,2.552317,2.66071,2.77013,2.868595,2.927541,2.978705,3.038261,3.091283
,80,2.149445,2.205644,2.268675,2.32284,2.385382,2.490585,2.608959,2.724364,2.822156,2.878273,2.9257,2.979557,3.026396
,90,2.069442,2.130446,2.198698,2.257304,2.325047,2.439558,2.56947,2.693811,2.794839,2.851152,2.897922,2.950218,2.995064
L_parahippocampal,5,2.184429,2.292312,2.411344,2.512057,2.626608,2.815213,3.021778,3.220871,3.39038,3.488006,3.570668,3.664667,3.746498
,10,2.144173,2.246621,2.360729,2.458166,2.570013,2.756663,2.964697,3.166527,3.337559,3.435737,3.518726,3.61298,3.694959
,15,2.102394,2.199766,2.30919,2.403451,2.512615,2.697193,2.906467,3.110928,3.283558,3.382389,3.46582,3.560487,3.642775
,20,2.059336,2.152329,2.257657,2.3491,2.455843,2.638465,2.848728,3.055645,3.230053,3.329763,3.413887,3.509312,3.592254
,30,1.981171,2.068351,2.16821,2.255871,2.359348,2.539316,2.751013,2.962231,3.14104,3.243534,3.330181,3.428679,3.514487
,40,1.918534,2.004261,2.102857,2.189727,2.292612,2.472297,2.684749,2.898747,3.082197,3.188281,3.278461,3.381502,3.471705
,50,1.873812,1.963668,2.066555,2.156765,2.263019,2.446897,2.661567,2.877491,3.06447,3.173389,3.266379,3.373027,3.466698
,60,1.825965,1.92361,2.034245,2.130229,2.242059,2.432438,2.649897,2.866207,3.053704,3.163021,3.256359,3.363379,3.457323
,70,1.761901,1.866543,1.983759,2.084341,2.20027,2.394603,2.612217,2.826034,3.010714,3.118135,3.209688,3.314456,3.406228
,80,1.681822,1.791261,1.912525,2.015544,2.133171,2.327854,2.542471,2.750943,2.929892,3.033545,3.121636,3.222161,3.309973
,90,1.600389,1.714991,1.840417,1.945818,2.064993,2.259769,2.471341,2.674345,2.847058,2.946506,3.0307,3.126428,3.209755
L_paracentral,5,2.329178,2.379705,2.436991,2.486568,2.543977,2.640136,2.746818,2.856955,2.962524,3.028635,3.087705,3.158367,3.222949
,10,2.218107,2.267187,2.322804,2.370912,2.426594,2.519806,2.623155,2.729677,2.831522,2.895179,2.951982,3.019842,3.08178
,15,2.113386,2.1611,2.215137,2.261853,2.315897,2.406313,2.506494,2.609577,2.707881,2.769204,2.823852,2.889051,2.948481
,20,2.043171,2.090252,2.143539,2.189581,2.242816,2.331821,2.430366,2.531591,2.627871,2.687813,2.741158,2.804718,2.862575
,30,1.963223,2.010395,2.063711,2.10972,2.162856,2.251567,2.349628,2.449993,2.544941,2.603819,2.656072,2.71816,2.774525
,40,1.91609,1.964187,2.018467,2.065243,2.119194,2.209119,2.308339,2.409503,2.504678,2.563453,2.61547,2.677106,2.732906
,50,1.870826,1.920005,1.975413,2.023086,2.077992,2.169342,2.269924,2.372063,2.467608,2.526364,2.578213,2.63948,2.69479
,60,1.828012,1.878466,1.935201,1.983929,2.039961,2.132991,2.235183,2.338514,2.434605,2.49344,2.54521,2.606207,2.661119
,70,1.77183,1.823311,1.881077,1.930592,1.987423,2.081563,2.184701,2.288515,2.38447,2.442961,2.494274,2.554559,2.608675
,80,1.72056,1.773321,1.832378,1.882886,1.940739,2.03632,2.140724,2.245306,2.341364,2.399652,2.450631,2.510349,2.563801
,90,1.691305,1.746183,1.807438,1.859693,1.919407,2.017775,2.124864,2.231586,2.328974,2.387793,2.439078,2.498975,2.552431
L_parsopercularis,5,2.546599,2.596623,2.652816,2.701085,2.756666,2.84938,2.952163,3.054716,3.146827,3.201869,3.249559,3.304953,3.354149
,10,2.466078,2.513873,2.567778,2.614261,2.667988,2.758083,2.858644,2.959677,3.051002,3.10583,3.15349,3.209026,3.258505
,15,2.388546,2.434267,2.486029,2.530826,2.582794,2.670386,2.768804,2.868362,2.958931,3.013566,3.061213,3.116915,3.166706
,20,2.320407,2.364398,2.414366,2.457753,2.508248,2.593752,2.690408,2.788806,2.878856,2.933421,2.981157,3.037138,3.087337
,30,2.220054,2.262048,2.309957,2.351735,2.400567,2.483767,2.578594,2.67597,2.765824,2.820614,2.868759,2.925469,2.976551
,40,2.154955,2.196421,2.243818,2.285226,2.333717,2.41656,2.511321,2.609004,2.699474,2.754795,2.803501,2.860989,2.912878
,50,2.109314,2.151077,2.198836,2.240581,2.28949,2.373104,2.468831,2.5676,2.659156,2.715176,2.764521,2.822789,2.875404
,60,2.070352,2.113093,2.161917,2.204546,2.254434,2.339579,2.43684,2.536945,2.629516,2.686052,2.735784,2.794429,2.847313
,70,2.014729,2.058655,2.108698,2.152276,2.203138,2.289609,2.387873,2.48845,2.580959,2.637227,2.68658,2.744607,2.796777
,80,1.968403,2.014024,2.065815,2.110759,2.163034,2.251468,2.351304,2.452787,2.545518,2.601641,2.650696,2.708173,2.759665
,90,1.929064,1.976753,2.030675,2.077286,2.13129,2.22215,2.323995,2.426756,2.520008,2.576154,2.625055,2.682147,2.733111
L_parsorbitalis,5,2.600049,2.686846,2.782932,2.864375,2.95702,3.109163,3.274856,3.437661,3.582212,3.667997,3.742042,3.827785,3.903756
,10,2.462518,2.544886,2.636268,2.713885,2.802363,2.948092,3.107435,3.264679,3.404893,3.488386,3.560629,3.644497,3.719001
,15,2.345993,2.4247,2.512191,2.58665,2.671695,2.812177,2.966396,3.119264,3.256196,3.338033,3.409032,3.491685,3.565327
,20,2.258057,2.33388,2.418316,2.490302,2.572676,2.709127,2.85952,3.009287,3.14409,3.224973,3.295352,3.377538,3.451005
,30,2.162968,2.234466,2.314291,2.382537,2.460873,2.591286,2.736134,2.881762,3.014228,3.094423,3.16468,3.247323,3.321782
,40,2.136529,2.205364,2.282258,2.34807,2.423738,2.550153,2.69149,2.834951,2.966971,3.047739,3.119084,3.203775,3.280846
,50,2.110877,2.177689,2.252154,2.315802,2.388957,2.511333,2.64883,2.789709,2.92106,3.002437,3.075067,3.162297,3.242723
,60,2.06476,2.131262,2.20496,2.267684,2.339575,2.459678,2.59505,2.735121,2.867797,2.951334,3.026923,3.11915,3.20573
,70,1.990838,2.059029,2.133834,2.19698,2.268913,2.38852,2.523472,2.664643,2.801101,2.888917,2.969908,3.070959,3.168303
,80,1.945978,2.019852,2.099553,2.165893,2.24063,2.363642,2.502072,2.648646,2.794163,2.890684,2.982145,3.100012,3.217931
,90,1.908248,1.992477,2.081035,2.153098,2.232775,2.36148,2.505031,2.659037,2.817518,2.927217,3.035321,3.18145,3.336186
L_parstriangularis,5,2.468507,2.529935,2.597617,2.654573,2.718717,2.821974,2.930724,3.038392,3.138657,3.199997,3.253865,3.317155,3.373924
,10,2.347053,2.405522,2.470289,2.525078,2.587103,2.687701,2.794706,2.901265,3.000635,3.061516,3.115048,3.178034,3.234618
,15,2.237088,2.292851,2.354953,2.407765,2.467871,2.566104,2.671668,2.777445,2.876264,2.936912,2.990319,3.053261,3.109909
,20,2.152268,2.205864,2.265872,2.317173,2.375871,2.472554,2.577543,2.683435,2.782577,2.843546,2.897326,2.960825,3.01809
,30,2.058656,2.108845,2.165602,2.214613,2.271269,2.366023,2.471073,2.578444,2.679447,2.741829,2.797052,2.862514,2.921807
,40,2.007699,2.054521,2.107916,2.154424,2.208671,2.300653,2.404598,2.51213,2.613671,2.676614,2.732509,2.799004,2.85947
,50,1.976072,2.02005,2.070553,2.114866,2.166957,2.256367,2.359173,2.466657,2.568417,2.631665,2.687969,2.755148,2.81644
,60,1.944931,1.986776,2.035128,2.077831,2.12839,2.216155,2.31873,2.427024,2.52975,2.593737,2.650819,2.7191,2.781584
,70,1.89091,1.930703,1.976944,2.018033,2.067005,2.152935,2.254952,2.363667,2.466964,2.531427,2.589043,2.658129,2.721526
,80,1.873676,1.912414,1.957674,1.998129,2.04666,2.132724,2.236506,2.348162,2.454463,2.52094,2.580482,2.652058,2.717941
,90,1.883983,1.92223,1.967155,2.007544,2.056307,2.143709,2.250779,2.36713,2.478196,2.547833,2.610359,2.685747,2.755382
L_pericalcarine,5,1.532669,1.565618,1.60411,1.63849,1.679675,1.752448,1.839655,1.93432,2.026657,2.08548,2.138836,2.203785,2.264327
,10,1.44085,1.47227,1.509015,1.541871,1.581273,1.651016,1.734795,1.825989,1.915195,1.972155,2.02391,2.087024,2.145969
,15,1.373091,1.403459,1.439012,1.470837,1.509047,1.576798,1.658386,1.747447,1.834824,1.890749,1.941655,2.003851,2.062056
,20,1.338346,1.368339,1.40349,1.43499,1.472853,1.540107,1.621295,1.710173,1.797627,1.853738,1.904905,1.967541,2.026277
,30,1.305277,1.335093,1.370101,1.401534,1.439394,1.506851,1.588648,1.678656,1.767703,1.825092,1.8776,1.942107,2.002832
,40,1.273788,1.303144,1.337665,1.368708,1.406158,1.473054,1.554465,1.644431,1.733843,1.791684,1.844758,1.910161,1.971934
,50,1.258095,1.287133,1.321321,1.352101,1.389284,1.455837,1.537071,1.62716,1.717035,1.775362,1.829013,1.895304,1.958096
,60,1.249836,1.278644,1.312596,1.343199,1.380209,1.446575,1.5278,1.618171,1.708648,1.767541,1.821838,1.889096,1.952981
,70,1.218005,1.245977,1.278973,1.308743,1.344785,1.409522,1.488949,1.577585,1.666616,1.724732,1.77843,1.845104,1.908601
,80,1.196801,1.224069,1.256259,1.285323,1.320539,1.383877,1.461742,1.548849,1.636585,1.69399,1.747129,1.813246,1.876354
,90,1.178247,1.204838,1.236247,1.264626,1.299038,1.361,1.437311,1.522869,1.60926,1.665909,1.718439,1.783923,1.84656
L_postcentral,5,2.022735,2.064007,2.109826,2.148864,2.193621,2.268322,2.352182,2.438265,2.518883,2.569083,2.61409,2.668432,2.718849
,10,1.935938,1.975949,2.020356,2.058184,2.101547,2.17391,2.255139,2.338531,2.416651,2.46531,2.508949,2.561658,2.610579
,15,1.859236,1.898159,1.941347,1.978129,2.020287,2.090627,2.169581,2.250645,2.326606,2.373936,2.416396,2.467698,2.515331
,20,1.811404,1.849818,1.89243,1.928714,1.970294,2.039659,2.117513,2.197457,2.272389,2.319093,2.361004,2.41166,2.458714
,30,1.756723,1.794954,1.837343,1.873422,1.914752,1.983677,2.061027,2.14047,2.214974,2.261443,2.303167,2.353634,2.40055
,40,1.725138,1.763675,1.80638,1.842711,1.884316,1.953677,2.031502,2.11145,2.186472,2.233295,2.275363,2.326282,2.37366
,50,1.689694,1.728444,1.771362,1.807859,1.849638,1.919264,1.997374,2.077632,2.152987,2.200051,2.242362,2.293613,2.34134
,60,1.659113,1.698184,1.741433,1.778193,1.820259,1.890337,1.96894,2.049721,2.125612,2.173044,2.215713,2.267436,2.315645
,70,1.619486,1.658655,1.701989,1.738803,1.780914,1.851042,1.929686,2.010525,2.086516,2.134045,2.176827,2.228728,2.277146
,80,1.580278,1.61954,1.662951,1.699814,1.741963,1.812127,1.890794,1.971674,2.04775,2.095366,2.138254,2.190325,2.238946
,90,1.533652,1.572802,1.616064,1.65278,1.694745,1.764574,1.842849,1.923341,1.999098,2.046549,2.089318,2.141285,2.189853
L_posteriorcingulate,5,2.618153,2.665606,2.719987,2.767623,2.823555,2.919489,3.029814,3.144206,3.250761,3.316208,3.374014,3.442464,3.504455
,10,2.502221,2.548631,2.601778,2.6483,2.702885,2.796405,2.903794,3.01496,3.118342,3.18176,3.237722,3.303927,3.363827
,15,2.389834,2.435207,2.487129,2.532544,2.585789,2.676911,2.781384,2.889349,2.989586,3.050994,3.105134,3.16912,3.226955
,20,2.296715,2.341366,2.392421,2.437043,2.489316,2.578669,2.68095,2.786463,2.884257,2.944088,2.996786,3.059009,3.115194
,30,2.179815,2.224295,2.275069,2.31937,2.371178,2.459513,2.560286,2.663861,2.759514,2.817873,2.869174,2.929625,2.984098
,40,2.117444,2.162861,2.214607,2.259673,2.312276,2.401722,2.503388,2.607471,2.703229,2.761483,2.812586,2.872679,2.926714
,50,2.071077,2.117849,2.171028,2.217247,2.271084,2.362359,2.465693,2.571042,2.667578,2.726126,2.777377,2.837516,2.891473
,60,2.042693,2.091352,2.146551,2.194416,2.250046,2.344054,2.450032,2.557596,2.655745,2.715084,2.766912,2.827592,2.881913
,70,1.995404,2.045643,2.102488,2.151657,2.208661,2.304654,2.412375,2.521191,2.620043,2.679608,2.731516,2.792149,2.846304
,80,1.963336,2.015696,2.074772,2.125728,2.184645,2.28348,2.393846,2.504772,2.605074,2.665305,2.717667,2.778689,2.833063
,90,1.951018,2.006266,2.0684,2.12183,2.183422,2.286317,2.400609,2.514869,2.617681,2.679198,2.732548,2.794572,2.849705
L_precentral,5,2.266306,2.340905,2.413721,2.469256,2.527132,2.613318,2.699282,2.78011,2.851957,2.895737,2.934739,2.981842,3.025807
,10,2.263098,2.331013,2.399061,2.452072,2.508271,2.593531,2.679973,2.7619,2.834699,2.878849,2.917963,2.964859,3.008248
,15,2.246898,2.309409,2.373408,2.424163,2.478763,2.562953,2.649577,2.732321,2.805908,2.850395,2.889647,2.936444,2.979442
,20,2.219022,2.277256,2.337918,2.386731,2.43988,2.522959,2.609523,2.69279,2.766931,2.811651,2.85098,2.897662,2.940311
,30,2.155866,2.209483,2.266557,2.313332,2.365046,2.447271,2.534251,2.618514,2.693454,2.738402,2.777681,2.823915,2.865723
,40,2.100046,2.15321,2.210274,2.257359,2.309694,2.393329,2.482027,2.567741,2.643427,2.688438,2.727477,2.773024,2.813791
,50,2.0498,2.104747,2.163782,2.212514,2.266667,2.353078,2.444341,2.531899,2.608468,2.653592,2.692441,2.737395,2.777267
,60,1.993852,2.049713,2.109882,2.159643,2.215013,2.303442,2.396782,2.486083,2.563809,2.609389,2.64847,2.693478,2.733184
,70,1.924803,1.979282,2.038408,2.08763,2.142712,2.231278,2.325405,2.415893,2.494847,2.541177,2.580892,2.626597,2.666868
,80,1.861315,1.913203,1.970142,2.018015,2.072065,2.15995,2.254537,2.346456,2.427317,2.475003,2.515997,2.563289,2.605041
,90,1.80501,1.854362,1.909118,1.955619,2.008609,2.095817,2.191014,2.284726,2.368039,2.417516,2.460236,2.509716,2.553561
L_precuneus,5,2.505547,2.546653,2.592892,2.632659,2.678508,2.755121,2.840242,2.925364,3.001976,3.047826,3.087593,3.133831,3.174938
,10,2.34059,2.381745,2.428038,2.467853,2.513757,2.59046,2.675683,2.760906,2.837609,2.883513,2.923328,2.969621,3.010776
,15,2.194676,2.23588,2.282228,2.32209,2.368049,2.444844,2.530168,2.615492,2.692287,2.738245,2.778107,2.824456,2.86566
,20,2.104241,2.145495,2.191898,2.231808,2.277821,2.354707,2.440133,2.525559,2.602445,2.648459,2.688368,2.734772,2.776025
,30,2.009297,2.050649,2.097162,2.137167,2.183289,2.260358,2.345987,2.431615,2.508684,2.554807,2.594811,2.641325,2.682676
,40,1.964671,2.00612,2.052744,2.092842,2.139074,2.216324,2.302155,2.387986,2.465236,2.511467,2.551566,2.59819,2.639639
,50,1.931887,1.973434,2.020168,2.060362,2.106703,2.184136,2.270171,2.356205,2.433638,2.479979,2.520173,2.566907,2.608454
,60,1.907664,1.949311,1.996157,2.036447,2.082899,2.160519,2.246759,2.333,2.410619,2.457071,2.497362,2.544208,2.585855
,70,1.846537,1.888285,1.935245,1.975634,2.022199,2.100008,2.186459,2.27291,2.350719,2.397284,2.437672,2.484633,2.526381
,80,1.781684,1.823536,1.870612,1.9111,1.95778,2.035781,2.122445,2.20911,2.28711,2.33379,2.374278,2.421355,2.463206
,90,1.726747,1.768703,1.815896,1.856484,1.90328,1.981474,2.068354,2.155233,2.233427,2.280223,2.320811,2.368004,2.40996
L_rostralanteriorcingulate,5,2.514769,2.681307,2.835619,2.94788,3.060505,3.222804,3.384911,3.547885,3.712814,3.828321,3.944335,4.10528,4.280963
,10,2.560389,2.663627,2.770456,2.85607,2.949241,3.095885,3.252457,3.410373,3.560758,3.657587,3.747459,3.860835,3.971734
,15,2.501343,2.586872,2.67952,2.756754,2.843621,2.985316,3.140827,3.298227,3.445015,3.53665,3.619203,3.71961,3.813673
,20,2.42325,2.502974,2.590961,2.665503,2.750495,2.891254,3.047707,3.206674,3.354132,3.445292,3.526608,3.624284,3.714422
,30,2.301928,2.374661,2.456515,2.527058,2.60869,2.746225,2.901527,3.060568,3.207957,3.298528,3.378745,3.474184,3.561207
,40,2.260277,2.327423,2.403861,2.470416,2.548134,2.680525,2.831674,2.987572,3.132402,3.221316,3.299893,3.393058,3.477602
,50,2.247568,2.31207,2.386001,2.45078,2.526872,2.657482,2.807901,2.964197,3.110167,3.20004,3.279573,3.373954,3.459634
,60,2.249919,2.314313,2.388509,2.45385,2.53098,2.664281,2.819125,2.981394,3.13409,3.228607,3.312548,3.412496,3.503526
,70,2.22336,2.288368,2.363656,2.430296,2.509358,2.646999,2.808437,2.979347,3.14174,3.242997,3.333385,3.441566,3.540609
,80,2.206238,2.272685,2.350049,2.41889,2.501006,2.645103,2.815945,2.99895,3.174852,3.285518,3.384941,3.504718,3.615121
,90,2.202927,2.271481,2.351744,2.42357,2.509749,2.662299,2.845359,3.044103,3.237726,3.360848,3.472321,3.607699,3.733532
L_rostralmiddlefrontal,5,2.459017,2.517096,2.580075,2.631985,2.688907,2.77604,2.86002,2.945325,3.03673,3.098109,3.155273,3.226209,3.293218
,10,2.323537,2.370723,2.423314,2.468014,2.518777,2.601228,2.688689,2.77763,2.864276,2.919036,2.968179,3.02714,3.081128
,15,2.199476,2.241534,2.289065,2.330101,2.377548,2.457004,2.54535,2.635235,2.718794,2.769974,2.815039,2.868193,2.916107
,20,2.116078,2.157407,2.204198,2.244677,2.291588,2.370459,2.458678,2.548427,2.631345,2.681917,2.726332,2.778597,2.825609
,30,2.035012,2.076113,2.122636,2.162875,2.209503,2.287886,2.375551,2.464661,2.546859,2.596935,2.640881,2.692556,2.739005
,40,2.005554,2.045517,2.090852,2.130167,2.175864,2.253106,2.340219,2.428659,2.509362,2.558159,2.600784,2.650696,2.695386
,50,1.975155,2.017174,2.06443,2.105015,2.151675,2.229097,2.314039,2.40014,2.480695,2.530232,2.573943,2.625587,2.672202
,60,1.924422,1.972641,2.025851,2.070595,2.120814,2.200829,2.283269,2.366705,2.449641,2.502708,2.550668,2.608558,2.661839
,70,1.850273,1.902485,1.959637,2.007265,2.06018,2.143073,2.226201,2.310254,2.395954,2.451676,2.502526,2.564437,2.62187
,80,1.863322,1.905181,1.953052,1.994956,2.044203,2.129066,2.227528,2.327128,2.414839,2.466557,2.511047,2.562428,2.607852
,90,1.901978,1.928987,1.962251,1.993953,2.035118,2.11915,2.238733,2.359754,2.446554,2.48962,2.523034,2.558331,2.58717
L_superiorfrontal,5,2.804955,2.864523,2.927878,2.979857,3.037523,3.130111,3.230249,3.330836,3.424642,3.483463,3.536746,3.602032,3.66376
,10,2.686056,2.743301,2.804383,2.854635,2.910513,3.000448,3.097892,3.195781,3.286922,3.343939,3.395473,3.458447,3.5178
,15,2.580576,2.635812,2.69493,2.743694,2.798034,2.885694,2.980838,3.076424,3.165282,3.22075,3.270779,3.331758,3.389059
,20,2.497212,2.550935,2.608601,2.656283,2.709528,2.795609,2.88919,2.983215,3.070494,3.124863,3.173805,3.233317,3.28908
,30,2.390645,2.442706,2.498886,2.545552,2.597858,2.682764,2.775344,2.86838,2.954512,3.007964,3.055907,3.113946,3.168048
,40,2.32661,2.378027,2.433778,2.480277,2.532573,2.617769,2.710918,2.804542,2.891016,2.9445,2.992318,3.049979,3.103478
,50,2.28021,2.331466,2.387282,2.434007,2.486715,2.572865,2.667286,2.762207,2.849698,2.90365,2.951748,3.009544,3.062947
,60,2.235259,2.286475,2.342464,2.389487,2.442678,2.529871,2.625647,2.72195,2.810554,2.865047,2.913504,2.97155,3.024986
,70,2.164421,2.215069,2.270629,2.317432,2.370503,2.45773,2.553735,2.65029,2.738983,2.793403,2.841686,2.899363,2.952284
,80,2.122673,2.173487,2.229405,2.276635,2.330309,2.418739,2.516244,2.61433,2.704304,2.759395,2.808175,2.866303,2.919481
,90,2.091088,2.142376,2.198976,2.246896,2.301465,2.391562,2.491071,2.591196,2.682928,2.738992,2.788547,2.847467,2.901229
L_superiorparietal,5,2.237876,2.27749,2.322049,2.360373,2.404558,2.478388,2.56042,2.642451,2.716281,2.760466,2.79879,2.843349,2.882963
,10,2.097155,2.136491,2.180738,2.218792,2.262666,2.335978,2.417432,2.498887,2.572199,2.616073,2.654127,2.698373,2.737709
,15,1.975267,2.014325,2.058259,2.096045,2.139609,2.212404,2.293284,2.374164,2.446958,2.490523,2.528309,2.572243,2.611301
,20,1.906801,1.945571,1.989181,2.026687,2.069931,2.142188,2.222471,2.302754,2.375011,2.418254,2.455761,2.499371,2.538141
,30,1.84834,1.886517,1.929459,1.966392,2.008973,2.080124,2.159179,2.238233,2.309384,2.351965,2.388898,2.43184,2.470017
,40,1.820659,1.858493,1.901051,1.937653,1.979853,2.050367,2.128713,2.207059,2.277573,2.319773,2.356375,2.398933,2.436768
,50,1.802226,1.840136,1.882779,1.919455,1.961739,2.032394,2.110897,2.1894,2.260055,2.302339,2.339015,2.381658,2.419568
,60,1.782245,1.820726,1.86401,1.901237,1.944157,2.015875,2.095558,2.175242,2.246959,2.28988,2.327106,2.370391,2.408871
,70,1.730574,1.770101,1.814563,1.852803,1.896891,1.97056,2.052412,2.134264,2.207933,2.252021,2.290261,2.334723,2.374251
,80,1.671816,1.712609,1.758495,1.797959,1.843459,1.919487,2.003959,2.088432,2.16446,2.209959,2.249423,2.295309,2.336102
,90,1.582929,1.625062,1.672456,1.713217,1.760212,1.838738,1.925986,2.013235,2.091761,2.138756,2.179517,2.226911,2.269044
L_superiortemporal,5,2.478062,2.583253,2.686159,2.764586,2.845794,2.964,3.075536,3.175588,3.261133,3.310426,3.352042,3.399125,3.439838
,10,2.49369,2.574969,2.659246,2.726506,2.798806,2.90869,3.017234,3.117881,3.205781,3.257171,3.30097,3.350974,3.394591
,15,2.487442,2.552382,2.622562,2.680623,2.745042,2.84691,2.952207,3.053375,3.143948,3.197843,3.244324,3.298003,3.345356
,20,2.465679,2.519951,2.580249,2.631437,2.689629,2.784708,2.887018,2.988663,3.081943,3.138479,3.187867,3.245632,3.297245
,30,2.394379,2.443859,2.499473,2.547233,2.602171,2.693512,2.794142,2.895472,2.988674,3.045304,3.094891,3.153055,3.205192
,40,2.325697,2.378424,2.437122,2.487097,2.544135,2.638071,2.740475,2.841477,2.931721,2.985427,3.031818,3.085527,3.133065
,50,2.270116,2.325623,2.387017,2.438999,2.498057,2.594841,2.699862,2.801981,2.891203,2.94348,2.988194,3.039491,3.084502
,60,2.240268,2.291288,2.348636,2.397959,2.454876,2.550259,2.656819,2.762407,2.8553,2.910014,2.957,3.011134,3.058849
,70,2.169433,2.216331,2.26976,2.316338,2.370832,2.464049,2.571095,2.679115,2.774798,2.831447,2.880294,2.936817,2.986871
,80,2.049483,2.100227,2.157409,2.206756,2.263951,2.360613,2.469978,2.577637,2.670024,2.723504,2.768953,2.820827,2.866159
,90,1.90021,1.960724,2.026925,2.082547,2.145469,2.248539,2.360907,2.466728,2.553433,2.602074,2.642602,2.688021,2.727031
L_supramarginal,5,2.465945,2.558176,2.64568,2.710895,2.777646,2.875302,2.971688,3.062788,3.145385,3.196932,3.243842,3.301916,3.357672
,10,2.409651,2.477613,2.547007,2.601925,2.660915,2.751778,2.845318,2.934947,3.015091,3.063815,3.10701,3.158791,3.20666
,15,2.331006,2.387029,2.446707,2.495654,2.549816,2.636055,2.72749,2.816341,2.895646,2.943362,2.985164,3.0345,3.079245
,20,2.266479,2.315896,2.369938,2.415284,2.466458,2.549838,2.640251,2.729356,2.809272,2.857281,2.899177,2.948329,2.992545
,30,2.193275,2.237351,2.286773,2.329178,2.377994,2.459498,2.550177,2.641261,2.723826,2.773598,2.817031,2.867884,2.91345
,40,2.144594,2.188242,2.237452,2.279881,2.328929,2.411227,2.503223,2.595881,2.67991,2.730511,2.774602,2.826118,2.872153
,50,2.0996,2.144203,2.194411,2.237624,2.287487,2.370912,2.463775,2.556841,2.640794,2.691132,2.734853,2.785763,2.831093
,60,2.062317,2.107469,2.158261,2.201949,2.252325,2.336518,2.430094,2.52371,2.608008,2.658478,2.702267,2.753199,2.798495
,70,1.99365,2.039221,2.090416,2.134393,2.185036,2.269522,2.363201,2.45669,2.540679,2.590877,2.634378,2.684913,2.7298
,80,1.929588,1.976544,2.02911,2.074113,2.125769,2.211559,2.306142,2.399996,2.483876,2.533818,2.576985,2.627005,2.671324
,90,1.882287,1.931159,1.985658,2.032147,2.085321,2.173212,2.269536,2.364556,2.449032,2.499139,2.542338,2.592269,2.636399
L_frontalpole,5,2.119581,2.311976,2.501494,2.646754,2.799017,3.029688,3.271171,3.520429,3.774032,3.950524,4.12622,4.367127,4.626595
,10,2.27929,2.374786,2.483892,2.579183,2.690749,2.881345,3.099478,3.324659,3.5337,3.661837,3.774893,3.908662,4.029748
,15,2.211718,2.302682,2.407026,2.498477,2.605875,2.790006,3.001435,3.220057,3.422965,3.547178,3.656601,3.785797,3.902433
,20,2.153752,2.241943,2.343208,2.432049,2.536482,2.715771,2.921989,3.135583,3.334124,3.455795,3.563056,3.689787,3.804275
,30,2.067096,2.151103,2.247734,2.332657,2.432655,2.604756,2.803352,3.009754,3.202228,3.320467,3.424876,3.548446,3.660268
,40,2.027737,2.109535,2.203785,2.286755,2.38462,2.553462,2.748933,2.952788,3.143512,3.260967,3.364865,3.488047,3.599715
,50,2.037638,2.119303,2.213538,2.296621,2.394771,2.564495,2.761607,2.96789,3.161554,3.281143,3.387134,3.513048,3.627429
,60,1.973629,2.054267,2.146959,2.228428,2.324454,2.490206,2.682749,2.884978,3.076125,3.195027,3.301081,3.42801,3.544305
,70,1.871499,1.962543,2.063573,2.149729,2.248765,2.415256,2.605269,2.805688,3.000273,3.125646,3.241237,3.385282,3.523739
,80,1.823213,1.932435,2.048909,2.144821,2.25186,2.426197,2.620874,2.82714,3.033895,3.172828,3.306106,3.480461,3.657999
,90,1.804108,1.913851,2.030596,2.12653,2.23342,2.407298,2.601573,2.808207,3.016807,3.15806,3.294488,3.474413,3.659366
L_temporalpole,5,2.384281,2.591767,2.795209,2.952165,3.118186,3.370776,3.626431,3.849333,4.018761,4.109428,4.182908,4.263264,4.330763
,10,2.508758,2.673915,2.845762,2.984526,3.136582,3.377026,3.629966,3.858292,4.037041,4.134444,4.214225,4.302295,4.376907
,15,2.579636,2.722703,2.87672,3.004522,3.14772,3.380047,3.631199,3.864216,4.051343,4.154976,4.240684,4.336119,4.417618
,20,2.596269,2.732821,2.881476,3.005968,3.146517,3.376526,3.627457,3.863248,4.055446,4.162935,4.252355,4.35245,4.438342
,30,2.517176,2.670038,2.832849,2.96661,3.115036,3.352465,3.604602,3.838237,4.028555,4.135,4.223525,4.322561,4.407479
,40,2.467556,2.63397,2.807389,2.94726,3.099964,3.33917,3.587052,3.814155,3.999446,4.103219,4.189564,4.286174,4.369002
,50,2.573835,2.711047,2.85927,2.982302,3.119775,3.340795,3.575958,3.798422,3.98647,4.094251,4.185198,4.288254,4.377649
,60,2.668625,2.778014,2.900656,3.005838,3.126817,3.328443,3.551897,3.77373,3.971133,4.088334,4.189471,4.306506,4.41008
,70,2.645077,2.749072,2.866729,2.968449,3.08627,3.284248,3.505566,3.729624,3.934819,4.059153,4.167869,4.295251,4.409342
,80,2.500474,2.622476,2.757594,2.872024,3.001905,3.213935,3.442243,3.667516,3.871399,3.993807,4.100107,4.223769,4.333704
,90,2.292347,2.450422,2.617994,2.754514,2.904129,3.137506,3.375547,3.601545,3.801749,3.920093,4.021757,4.138757,4.241651
L_transversetemporal,5,2.090048,2.164861,2.249014,2.32139,2.404835,2.544268,2.699188,2.854109,2.993542,3.076987,3.149363,3.233515,3.308329
,10,2.03031,2.104225,2.187368,2.258876,2.341319,2.479078,2.632139,2.785199,2.922959,3.005402,3.076909,3.160052,3.233968
,15,1.969332,2.042478,2.124756,2.195519,2.277105,2.413431,2.564899,2.716367,2.852692,2.934278,3.005041,3.087319,3.160465
,20,1.909181,1.981765,2.06341,2.133629,2.214587,2.349864,2.500167,2.650469,2.785747,2.866705,2.936924,3.018568,3.091152
,30,1.806624,1.878549,1.959452,2.029033,2.109256,2.243304,2.392242,2.54118,2.675228,2.755451,2.825032,2.905935,2.97786
,40,1.731964,1.803603,1.884185,1.95349,2.033394,2.16691,2.315256,2.463602,2.597118,2.677022,2.746327,2.826909,2.898548
,50,1.674724,1.746603,1.827455,1.896993,1.977164,2.111128,2.259972,2.408815,2.542779,2.622951,2.692488,2.77334,2.845219
,60,1.629634,1.702335,1.784112,1.854445,1.935534,2.07103,2.221576,2.372123,2.507619,2.588708,2.659041,2.740818,2.813519
,70,1.572392,1.646482,1.729822,1.801499,1.884137,2.022223,2.175646,2.329069,2.467155,2.549794,2.62147,2.70481,2.778901
,80,1.503541,1.579506,1.664955,1.738445,1.823174,1.964754,2.122059,2.279364,2.420944,2.505673,2.579164,2.664612,2.740577
,90,1.430546,1.508668,1.596543,1.67212,1.759256,1.904856,2.066629,2.228401,2.374001,2.461137,2.536714,2.624589,2.702712
L_insula,5,2.928054,2.998159,3.073162,3.134799,3.202963,3.310888,3.423387,3.528313,3.616429,3.666674,3.708906,3.756563,3.797724
,10,2.860649,2.922395,2.989254,3.044748,3.10662,3.205443,3.309315,3.407892,3.492743,3.541929,3.583689,3.631245,3.672665
,15,2.801911,2.858249,2.919772,2.9712,3.028867,3.121528,3.219435,3.313767,3.396896,3.445858,3.487839,3.536083,3.578459
,20,2.752954,2.807051,2.866434,2.916282,2.972357,3.062713,3.158332,3.251575,3.335519,3.385692,3.42911,3.479428,3.523981
,30,2.642746,2.696992,2.756752,2.807028,2.863626,2.954656,3.050383,3.145215,3.233763,3.288031,3.33574,3.391846,3.442214
,40,2.563881,2.620025,2.681822,2.733709,2.791932,2.884901,2.981356,3.077803,3.170749,3.22895,3.280813,3.342574,3.39868
,50,2.528379,2.585245,2.647607,2.699726,2.75787,2.849717,2.943273,3.037287,3.130486,3.189954,3.243573,3.308123,3.367363
,60,2.524735,2.584514,2.649556,2.703451,2.763002,2.855601,2.947603,3.03997,3.133684,3.194353,3.249532,3.316475,3.378342
,70,2.453916,2.520732,2.592626,2.651511,2.715781,2.813804,2.908379,3.002893,3.100725,3.164798,3.223453,3.295002,3.361433
,80,2.341972,2.42223,2.507515,2.576486,2.650775,2.761804,2.865704,2.969012,3.078116,3.150378,3.216941,3.298554,3.374656
,90,2.202265,2.301181,2.404753,2.487306,2.574932,2.703082,2.819203,2.933995,3.057661,3.140445,3.21714,3.311615,3.400045
R_bankssts,5,2.539483,2.598175,2.664194,2.720974,2.786438,2.895826,3.017363,3.138901,3.248288,3.313752,3.370532,3.436551,3.495244
,10,2.410353,2.468797,2.534536,2.591076,2.656262,2.765186,2.886208,3.00723,3.116154,3.18134,3.23788,3.303619,3.362063
,15,2.289311,2.347511,2.412975,2.469278,2.534192,2.64266,2.763176,2.883692,2.99216,3.057074,3.113377,3.178842,3.237041
,20,2.202496,2.26046,2.325661,2.381737,2.446389,2.554419,2.674449,2.794479,2.90251,2.967162,3.023238,3.088438,3.146402
,30,2.110596,2.168149,2.232887,2.288566,2.352759,2.460024,2.579202,2.698381,2.805646,2.869839,2.925517,2.990256,3.047809
,40,2.060502,2.117795,2.182239,2.237665,2.301567,2.408345,2.526983,2.645621,2.752399,2.816301,2.871727,2.936171,2.993464
,50,2.022982,2.080175,2.144508,2.199837,2.263629,2.370222,2.488654,2.607086,2.713679,2.777471,2.832801,2.897133,2.954326
,60,1.990931,2.048144,2.1125,2.167849,2.231663,2.338293,2.456767,2.575241,2.681871,2.745685,2.801034,2.86539,2.922603
,70,1.940286,1.997619,2.06211,2.117575,2.181524,2.288378,2.407102,2.525825,2.632679,2.696628,2.752093,2.816584,2.873917
,80,1.885364,1.942845,2.007501,2.06311,2.127222,2.234352,2.353381,2.472409,2.579539,2.643652,2.69926,2.763916,2.821397
,90,1.826386,1.88401,1.948828,2.004575,2.068848,2.176244,2.29557,2.414895,2.522292,2.586564,2.642311,2.707129,2.764753
R_caudalanteriorcingulate,5,2.370855,2.437056,2.513173,2.58017,2.659349,2.796856,2.958501,3.131292,3.2982,3.40409,3.500035,3.616882,3.726023
,10,2.288592,2.352954,2.426896,2.491936,2.56876,2.702101,2.858801,3.026341,3.188301,3.29115,3.384422,3.498135,3.604486
,15,2.218519,2.281379,2.353533,2.416953,2.491818,2.621681,2.774237,2.937384,3.095225,3.19556,3.286639,3.397807,3.50192
,20,2.156492,2.218085,2.288718,2.350752,2.423933,2.550788,2.699754,2.859097,3.013394,3.111584,3.200807,3.309846,3.412116
,30,2.069983,2.130303,2.199334,2.259856,2.331153,2.454571,2.59939,2.754401,2.904822,3.000794,3.08821,3.195351,3.296187
,40,2.034059,2.094979,2.164541,2.225415,2.297019,2.420789,2.565933,2.721459,2.872796,2.969668,3.058166,3.167021,3.269902
,50,2.000228,2.06239,2.133197,2.195037,2.267664,2.393026,2.53998,2.697703,2.851732,2.950734,3.041512,3.153665,3.260213
,60,1.981238,2.045883,2.119331,2.183343,2.258402,2.387788,2.539459,2.702628,2.862725,2.966161,3.061442,3.179804,3.292969
,70,1.956565,2.024235,2.100902,2.167565,2.245596,2.379916,2.537396,2.707319,2.874995,2.984006,3.08498,3.21124,3.332886
,80,1.953694,2.025968,2.107587,2.178369,2.261059,2.403172,2.569833,2.750301,2.929593,3.047023,3.156514,3.294497,3.428659
,90,1.981295,2.06023,2.149036,2.225812,2.31529,2.468766,2.648777,2.844474,3.040415,3.169857,3.291476,3.446154,3.59817
R_caudalmiddlefrontal,5,2.338333,2.420057,2.501585,2.564884,2.631808,2.733049,2.835425,2.932305,3.01835,3.07054,3.116796,3.172285,3.223663
,10,2.303934,2.374882,2.447765,2.505742,2.568293,2.665152,2.765414,2.861883,2.948367,3.00101,3.047703,3.103691,3.15545
,15,2.261376,2.323821,2.389526,2.442882,2.501476,2.594142,2.692198,2.788132,2.875041,2.928204,2.97545,3.032153,3.084571
,20,2.217351,2.273436,2.333576,2.383232,2.438569,2.52767,2.62379,2.719269,2.806646,2.86037,2.90823,2.965755,3.018968
,30,2.150385,2.199835,2.254098,2.299835,2.351748,2.43725,2.531742,2.627353,2.715846,2.770519,2.819294,2.877916,2.932068
,40,2.109848,2.157084,2.209531,2.254201,2.30537,2.390571,2.485742,2.58268,2.67257,2.728033,2.777394,2.836505,2.890847
,50,2.075267,2.121873,2.173979,2.218625,2.270027,2.356109,2.452739,2.551339,2.642626,2.698768,2.748562,2.807931,2.862218
,60,2.035835,2.082977,2.135824,2.181198,2.233516,2.321216,2.419597,2.519664,2.611805,2.668149,2.717879,2.776839,2.830407
,70,1.981633,2.029658,2.083513,2.129747,2.183027,2.272199,2.371884,2.472728,2.564941,2.620971,2.670172,2.728176,2.780546
,80,1.932826,1.982114,2.037343,2.08471,2.139223,2.230239,2.331565,2.433493,2.52609,2.582029,2.630932,2.688305,2.739831
,90,1.888893,1.939816,1.996783,2.045554,2.101573,2.19481,2.298114,2.401428,2.494691,2.550733,2.599529,2.656531,2.70749
R_cuneus,5,1.873333,1.917491,1.968084,2.012386,2.06438,2.153483,2.255809,2.361712,2.460153,2.520509,2.573745,2.636692,2.693609
,10,1.734401,1.775336,1.822299,1.863478,1.911872,1.994969,2.090649,2.189954,2.282516,2.339385,2.389621,2.449109,2.502982
,15,1.635838,1.674492,1.718897,1.757886,1.803768,1.88271,1.973848,2.068713,2.157383,2.211978,2.26028,2.317566,2.369527
,20,1.583544,1.621002,1.664091,1.701975,1.746619,1.823584,1.912681,2.005694,2.092883,2.146686,2.19436,2.250994,2.302448
,30,1.530561,1.566828,1.608661,1.645541,1.689123,1.764562,1.85238,1.944612,2.031583,2.0855,2.133435,2.190569,2.242659
,40,1.497365,1.532892,1.573982,1.610307,1.653352,1.728175,1.81577,1.908349,1.996193,2.050917,2.09974,2.158144,2.211592
,50,1.47154,1.506486,1.547014,1.58294,1.625635,1.700162,1.787925,1.881286,1.970453,2.02629,2.076292,2.136339,2.191513
,60,1.462817,1.497574,1.537994,1.573924,1.616745,1.691816,1.780752,1.876005,1.967605,2.025279,2.077134,2.139667,2.197375
,70,1.435565,1.469682,1.509465,1.544927,1.587313,1.661948,1.750916,1.846874,1.939821,1.998683,2.051834,2.116217,2.175916
,80,1.40974,1.443237,1.482403,1.517413,1.559382,1.633612,1.72266,1.819409,1.913832,1.974,2.028579,2.095013,2.156931
,90,1.401619,1.434905,1.473929,1.50891,1.550967,1.625691,1.715917,1.81469,1.91186,1.974184,2.030998,2.100515,2.16567
R_entorhinal,5,2.337624,2.469743,2.615681,2.739835,2.882469,3.122632,3.39461,3.649308,3.84841,3.956531,4.04498,4.142589,4.22532
,10,2.391864,2.525413,2.672806,2.797953,2.941277,3.181022,3.450091,3.70399,3.906988,4.018973,4.111422,4.214253,4.302018
,15,2.433285,2.568601,2.717759,2.844118,2.988343,3.227948,3.494251,3.747296,3.954148,4.070023,4.166544,4.274739,4.367724
,20,2.441509,2.578087,2.728477,2.855635,3.000353,3.239372,3.502723,3.754467,3.964302,4.083429,4.183441,4.29632,4.393927
,30,2.39864,2.533087,2.681489,2.807124,2.950122,3.185846,3.444481,3.694043,3.906591,4.029041,4.13275,4.250718,4.353451
,40,2.399915,2.529009,2.672495,2.794739,2.934699,3.167246,3.424857,3.67526,3.889467,4.013239,4.118275,4.237981,4.342427
,50,2.435332,2.557879,2.694927,2.812377,2.947628,3.17423,3.42795,3.675826,3.88768,4.010008,4.113794,4.23207,4.335275
,60,2.473786,2.594657,2.73006,2.846282,2.980318,3.20534,3.457923,3.705159,3.916707,4.038952,4.14272,4.261032,4.36432
,70,2.41028,2.533981,2.672368,2.79102,2.927738,3.157045,3.414207,3.665334,3.879451,4.002881,4.107499,4.226621,4.330486
,80,2.200722,2.331199,2.476783,2.60139,2.744844,2.985505,3.255817,3.518016,3.738431,3.86427,3.970311,4.090431,4.194673
,90,1.93105,2.073246,2.231069,2.365663,2.520293,2.779561,3.071143,3.351112,3.581728,3.711583,3.820115,3.942167,4.047394
R_fusiform,5,2.417725,2.546046,2.662883,2.746856,2.829623,2.942896,3.042046,3.129774,3.207885,3.253937,3.29328,3.338206,3.37734
,10,2.407869,2.499007,2.589193,2.658295,2.729872,2.833351,2.929191,3.016937,3.09631,3.14367,3.18447,3.231443,3.272695
,15,2.381042,2.448698,2.519887,2.577275,2.639322,2.733772,2.826426,2.914565,2.995956,3.045298,3.088284,3.138334,3.182782
,20,2.356294,2.411317,2.471324,2.521301,2.576987,2.665187,2.755989,2.845286,2.929229,2.980862,3.026328,3.07985,3.127925
,30,2.28646,2.340389,2.399406,2.448774,2.504088,2.592606,2.685295,2.775913,2.858741,2.90875,2.952292,3.003031,3.048181
,40,2.22144,2.279102,2.341564,2.393391,2.4511,2.542952,2.638873,2.730697,2.811537,2.859113,2.899877,2.946684,2.98776
,50,2.220517,2.270544,2.326214,2.3736,2.427684,2.516784,2.613997,2.709676,2.794747,2.845204,2.888697,2.938953,2.983355
,60,2.225702,2.270026,2.320415,2.364219,2.41528,2.502008,2.60053,2.700526,2.791065,2.845511,2.892915,2.94826,2.99768
,70,2.175351,2.218446,2.267682,2.310713,2.361163,2.447658,2.547221,2.648726,2.740179,2.794996,2.84264,2.898194,2.947752
,80,2.123051,2.166836,2.21683,2.260516,2.311759,2.399774,2.501427,2.604221,2.695106,2.748848,2.795158,2.848721,2.896139
,90,2.07078,2.116665,2.168814,2.214203,2.26727,2.358121,2.462689,2.566713,2.656212,2.708116,2.752291,2.802798,2.84702
R_inferiorparietal,5,2.404034,2.499725,2.591725,2.661196,2.732953,2.838031,2.938996,3.026811,3.096526,3.134873,3.166401,3.20127,3.230823
,10,2.343748,2.410033,2.479078,2.534529,2.594623,2.687375,2.781273,2.867117,2.938486,2.978909,3.012733,3.050738,3.083421
,15,2.264297,2.315329,2.370881,2.417205,2.469056,2.552257,2.640131,2.724238,2.797466,2.840247,2.876746,2.918501,2.955024
,20,2.204296,2.248815,2.29824,2.340189,2.387898,2.465992,2.550353,2.633629,2.708828,2.753899,2.792995,2.838427,2.878773
,30,2.113208,2.160571,2.212623,2.256325,2.305435,2.384273,2.467038,2.548644,2.624276,2.670384,2.710781,2.758133,2.800508
,40,2.064192,2.114148,2.168722,2.214233,2.264989,2.345424,2.428197,2.509961,2.587529,2.635543,2.677995,2.728161,2.773388
,50,2.051005,2.096412,2.146948,2.189837,2.238466,2.317243,2.400488,2.485041,2.567545,2.619732,2.666585,2.722813,2.774306
,60,2.024088,2.066252,2.113822,2.15477,2.201903,2.280072,2.365516,2.453486,2.538649,2.592327,2.640472,2.698254,2.75122
,70,1.948306,1.989322,2.035815,2.076108,2.122927,2.202066,2.291365,2.38164,2.463312,2.51239,2.55509,2.6049,2.649336
,80,1.911438,1.949507,1.993279,2.031876,2.077676,2.158063,2.253794,2.349019,2.428207,2.47301,2.510591,2.553017,2.589746
,90,1.8889,1.922225,1.961451,1.996975,2.040463,2.120939,2.223347,2.324447,2.402101,2.44342,2.476842,2.513406,2.544189
R_inferiortemporal,5,2.511328,2.600271,2.692045,2.76507,2.843461,2.962673,3.080874,3.18957,3.282685,3.336457,3.381956,3.433571,3.478339
,10,2.467753,2.545939,2.628453,2.695344,2.768272,2.881208,2.995354,3.10229,3.195503,3.249963,3.296385,3.34941,3.3957
,15,2.421319,2.490597,2.565117,2.626527,2.694441,2.801452,2.911692,3.016956,3.110391,3.165666,3.213164,3.267832,3.315906
,20,2.380772,2.4432,2.511385,2.568348,2.632123,2.734186,2.841221,2.945291,3.03928,3.095567,3.144327,3.200883,3.250994
,30,2.324262,2.381381,2.444533,2.497883,2.558234,2.656122,2.760417,2.863566,2.958333,3.015795,3.065989,3.124682,3.177101
,40,2.285958,2.343246,2.406585,2.460094,2.520624,2.618807,2.723424,2.826888,2.921931,2.979555,3.029888,3.088741,3.141301
,50,2.283993,2.339889,2.402127,2.455084,2.515438,2.614449,2.721614,2.828182,2.925588,2.984471,3.035833,3.095834,3.149388
,60,2.284879,2.336128,2.394125,2.444304,2.502505,2.6006,2.710841,2.822115,2.922902,2.983508,3.036255,3.097799,3.152709
,70,2.251971,2.297121,2.34919,2.395154,2.449637,2.544719,2.656955,2.772423,2.875578,2.937049,2.990318,3.052289,3.107481
,80,2.230529,2.269872,2.316142,2.357869,2.408529,2.500502,2.615346,2.736294,2.842834,2.905663,2.95983,3.022629,3.078441
,90,2.219993,2.254524,2.295875,2.333928,2.381212,2.470525,2.58851,2.715954,2.826892,2.89163,2.947153,3.011295,3.068179
R_isthmuscingulate,5,2.445998,2.51256,2.58522,2.646345,2.715857,2.831524,2.96296,3.10266,3.24098,3.332178,3.418046,3.527807,3.636541
,10,2.317394,2.379646,2.448536,2.507186,2.574556,2.687885,2.817696,2.955633,3.090992,3.179131,3.261127,3.364383,3.464849
,15,2.202138,2.261354,2.327583,2.384484,2.450348,2.562064,2.690791,2.827525,2.960764,3.046686,3.125876,3.22445,3.319035
,20,2.114678,2.17182,2.236238,2.29196,2.356825,2.467502,2.595547,2.731438,2.863065,2.947278,3.024311,3.119319,3.20948
,30,2.027371,2.081934,2.144039,2.198194,2.261641,2.370583,2.497001,2.63065,2.758726,2.839626,2.91277,3.001722,3.084751
,40,1.982105,2.035241,2.096009,2.149197,2.211685,2.319215,2.443956,2.575235,2.699971,2.778036,2.848048,2.932388,3.01025
,50,1.940315,1.993554,2.054596,2.108129,2.171107,2.27957,2.405284,2.53713,2.661677,2.739151,2.808272,2.891036,2.966915
,60,1.88643,1.940793,2.003213,2.058014,2.122528,2.233665,2.36237,2.497019,2.623715,2.702212,2.772011,2.855263,2.931254
,70,1.824875,1.88084,1.945144,2.001624,2.068126,2.182668,2.315178,2.453518,2.5833,2.663477,2.7346,2.819203,2.896195
,80,1.770357,1.828937,1.896263,1.9554,2.025023,2.144883,2.283383,2.4277,2.562755,2.646,2.719708,2.807209,2.886658
,90,1.737008,1.799547,1.871408,1.934508,2.008762,2.13648,2.283826,2.43703,2.580046,2.668007,2.745761,2.837897,2.921392
R_lateraloccipital,5,2.180928,2.221622,2.267767,2.307768,2.354245,2.432758,2.521238,2.611021,2.692936,2.742459,2.785714,2.836359,2.881699
,10,2.070088,2.109102,2.153362,2.191746,2.236364,2.311787,2.396854,2.483248,2.562136,2.609858,2.651558,2.700402,2.744149
,15,1.984685,2.022462,2.06534,2.102543,2.145808,2.21899,2.3016,2.385574,2.462316,2.508768,2.549376,2.596962,2.639601
,20,1.937895,1.975147,2.017451,2.054172,2.096897,2.169213,2.250918,2.334046,2.410079,2.456132,2.496408,2.543627,2.585956
,30,1.889618,1.926662,1.968769,2.005356,2.047965,2.120184,2.201924,2.285243,2.361586,2.407886,2.448417,2.495978,2.538652
,40,1.872573,1.910001,1.952588,1.989628,2.032809,2.1061,2.189208,2.274087,2.352001,2.39932,2.440782,2.489482,2.533221
,50,1.859187,1.897065,1.94021,1.977774,2.02161,2.096124,2.180782,2.267419,2.347098,2.39556,2.438066,2.488042,2.532974
,60,1.833586,1.871655,1.915064,1.952899,1.997098,2.072344,2.158005,2.245853,2.326809,2.37612,2.419417,2.470378,2.516243
,70,1.773284,1.810794,1.853615,1.890978,1.934675,2.009181,2.094178,2.181538,2.26221,2.311427,2.354688,2.405664,2.451594
,80,1.736799,1.774223,1.816993,1.854355,1.898099,1.97281,2.058225,2.146214,2.227645,2.277407,2.321198,2.372858,2.41946
,90,1.662316,1.698794,1.740532,1.777036,1.819826,1.89303,1.976911,2.063526,2.143867,2.193048,2.23638,2.28756,2.333788
R_lateralorbitofrontal,5,2.563582,2.643328,2.726566,2.793656,2.866791,2.98119,3.100282,3.214453,3.315542,3.376163,3.42922,3.491846,3.548704
,10,2.45093,2.519971,2.593391,2.653549,2.720099,2.826179,2.939101,3.04967,3.149409,3.210032,3.263582,3.327373,3.38583
,15,2.356418,2.417521,2.483467,2.538232,2.599578,2.698996,2.807007,2.91492,3.014073,3.075173,3.129665,3.195213,3.255883
,20,2.284631,2.340453,2.401333,2.452392,2.510123,2.604888,2.709537,2.815855,2.915104,2.977009,3.0327,3.100292,3.163438
,30,2.193579,2.244533,2.300638,2.348127,2.402308,2.492381,2.593527,2.698143,2.79754,2.860408,2.917545,2.987641,3.053878
,40,2.145107,2.19551,2.251024,2.298028,2.351676,2.440921,2.541247,2.645168,2.744077,2.806733,2.863748,2.933791,3.000079
,50,2.120699,2.171271,2.226984,2.274168,2.328039,2.417705,2.518601,2.623254,2.723021,2.786314,2.843976,2.914906,2.98213
,60,2.113616,2.164688,2.221036,2.268829,2.323479,2.414652,2.51758,2.624748,2.727332,2.792635,2.852284,2.925867,2.995823
,70,2.077986,2.131319,2.189983,2.239596,2.296167,2.390178,2.495787,2.605194,2.709428,2.775543,2.835779,2.909889,2.980149
,80,2.052462,2.111166,2.175209,2.228949,2.289765,2.389777,2.50063,2.613887,2.720374,2.787236,2.847708,2.921544,2.990986
,90,2.037198,2.102899,2.17388,2.232904,2.299128,2.406778,2.524376,2.64279,2.752639,2.82092,2.882237,2.956562,3.025937
R_lingual,5,2.108013,2.146944,2.191608,2.230779,2.276835,2.356006,2.447351,2.542133,2.630246,2.684292,2.73199,2.788431,2.839515
,10,1.960195,1.996527,2.038255,2.074899,2.118047,2.192412,2.278547,2.367923,2.45068,2.501296,2.545889,2.598571,2.646182
,15,1.849202,1.883652,1.923254,1.958067,1.999111,2.069999,2.152368,2.237836,2.316711,2.36484,2.407179,2.457133,2.502222
,20,1.793262,1.827153,1.8661,1.900324,1.940654,2.010253,2.091027,2.174828,2.252243,2.299514,2.341115,2.390217,2.434551
,30,1.736008,1.771258,1.811504,1.846604,1.887604,1.957287,2.03631,2.11823,2.195618,2.243615,2.286263,2.337034,2.383241
,40,1.693391,1.730275,1.772114,1.808335,1.85028,1.920511,1.998336,2.078945,2.156807,2.20584,2.249815,2.302611,2.351037
,50,1.668527,1.704755,1.74599,1.781827,1.823519,1.89388,1.972818,2.054579,2.13255,2.181222,2.224636,2.2765,2.323849
,60,1.653054,1.686403,1.72485,1.758757,1.798887,1.868667,1.950564,2.035451,2.112826,2.159617,2.200549,2.248592,2.291744
,70,1.618591,1.648198,1.682876,1.714024,1.751691,1.819689,1.903887,1.991231,2.066686,2.110543,2.14799,2.191002,2.228877
,80,1.59156,1.618067,1.64959,1.678409,1.713993,1.780604,1.867166,1.957021,2.030963,2.072324,2.106827,2.145649,2.179204
,90,1.575006,1.598879,1.627708,1.654537,1.688372,1.754077,1.843388,1.936143,2.009085,2.048336,2.080323,2.115581,2.145501
R_medialorbitofrontal,5,2.500273,2.554515,2.616454,2.6705,2.733685,2.8413,2.963793,3.090197,3.208105,3.280564,3.344557,3.420299,3.488843
,10,2.306564,2.359615,2.420119,2.472821,2.534295,2.638527,2.756299,2.878215,2.993501,3.06504,3.128612,3.204291,3.273156
,15,2.165757,2.218474,2.278535,2.330777,2.39159,2.494278,2.609506,2.729183,2.843905,2.915787,2.980062,3.057028,3.127459
,20,2.072196,2.125134,2.185396,2.237744,2.298568,2.400885,2.514943,2.633791,2.749233,2.822247,2.887933,2.967044,3.039841
,30,1.9736,2.026349,2.086264,2.138156,2.19821,2.298438,2.408664,2.524077,2.63887,2.712702,2.779852,2.861574,2.937537
,40,1.938404,1.990868,2.050282,2.101545,2.160586,2.258234,2.363978,2.475065,2.588104,2.661979,2.729874,2.813332,2.891672
,50,1.925721,1.977371,2.035791,2.086109,2.143926,2.239108,2.341322,2.449031,2.560288,2.63378,2.701809,2.78602,2.865621
,60,1.921953,1.972259,2.029456,2.079,2.136288,2.231569,2.3355,2.445612,2.558734,2.63325,2.702145,2.787374,2.867923
,70,1.905042,1.953122,2.008488,2.057137,2.114318,2.212108,2.323521,2.442676,2.561788,2.638881,2.70942,2.795892,2.876953
,80,1.900832,1.94602,1.998887,2.046189,2.102974,2.203715,2.325172,2.456569,2.583053,2.662804,2.734631,2.821441,2.901772
,90,1.893651,1.935638,1.985519,2.030948,2.086638,2.189139,2.319733,2.462736,2.595539,2.677065,2.749298,2.835331,2.913885
R_middletemporal,5,2.635071,2.758893,2.875124,2.961227,3.048861,3.175383,3.296079,3.403202,3.49209,3.543001,3.586201,3.635659,3.679205
,10,2.617941,2.708925,2.800452,2.87197,2.947868,3.062658,3.177463,3.283276,3.373593,3.426258,3.47144,3.523689,3.570127
,15,2.578093,2.648671,2.723097,2.783585,2.84996,2.954473,3.063743,3.168408,3.260549,3.315399,3.363082,3.418916,3.469136
,20,2.536148,2.594513,2.657916,2.710839,2.770335,2.866991,2.971849,3.075811,3.170081,3.227376,3.277878,3.337812,3.39244
,30,2.460116,2.512699,2.570595,2.619523,2.675159,2.766901,2.868192,2.970242,3.064005,3.121495,3.172453,3.233242,3.28892
,40,2.400741,2.455933,2.516233,2.566807,2.623886,2.716989,2.818268,2.918644,3.009347,3.064224,3.112391,3.169263,3.220791
,50,2.370083,2.427328,2.489633,2.541694,2.600229,2.695177,2.797657,2.898314,2.988422,3.04252,3.089731,3.145137,3.195013
,60,2.336772,2.394021,2.456577,2.509028,2.568178,2.664465,2.768761,2.87144,2.963445,3.018677,3.066856,3.123353,3.174154
,70,2.275451,2.330981,2.392243,2.444064,2.502978,2.599901,2.70619,2.81201,2.907696,2.965484,3.016079,3.075613,3.129312
,80,2.224206,2.281544,2.344982,2.398777,2.460071,2.561171,2.672329,2.783183,2.88348,2.944044,2.997046,3.059367,3.115526
,90,2.166472,2.231382,2.30246,2.362149,2.429526,2.539234,2.657876,2.774193,2.877753,2.939527,2.993125,3.055599,3.111393
R_parahippocampal,5,2.247055,2.343496,2.449576,2.538939,2.639987,2.804516,2.981642,3.153471,3.304067,3.392509,3.468262,3.555277,3.631717
,10,2.205417,2.300029,2.404376,2.492495,2.592361,2.755447,2.931639,3.103129,3.253859,3.342556,3.418627,3.506118,3.583072
,15,2.162703,2.255387,2.357889,2.444667,2.543243,2.704713,2.879801,3.050808,3.201564,3.290463,3.366814,3.454744,3.532185
,20,2.121892,2.212672,2.313351,2.398807,2.496114,2.656012,2.830059,3.000671,3.151554,3.240727,3.317426,3.405883,3.483895
,30,2.046414,2.13391,2.231446,2.314627,2.409765,2.567028,2.739444,2.90963,3.061049,3.150922,3.228444,3.318096,3.397377
,40,1.986628,2.072683,2.168915,2.251225,2.345627,2.502253,2.674756,2.845783,2.998544,3.089467,3.168039,3.259071,3.339716
,50,1.953848,2.041431,2.139394,2.223203,2.319346,2.478908,2.654712,2.829081,2.984881,3.077637,3.157808,3.250708,3.333022
,60,1.924434,2.015815,2.117725,2.204673,2.304163,2.468722,2.649285,2.827666,2.986503,3.080836,3.162237,3.256415,3.339732
,70,1.861274,1.956456,2.062047,2.151702,2.253833,2.42177,2.604743,2.784302,2.943268,3.037295,3.118217,3.211598,3.294002
,80,1.781984,1.880552,1.989248,2.081043,2.1851,2.355121,2.538983,2.718161,2.875853,2.968745,3.048473,3.14024,3.221018
,90,1.708371,1.810679,1.922799,2.016968,2.123191,2.295666,2.480838,2.660103,2.817002,2.909077,2.987908,3.078431,3.157933
R_paracentral,5,2.320171,2.370681,2.427723,2.476971,2.533964,2.629696,2.736781,2.844604,2.942264,3.000984,3.052077,3.111673,3.164823
,10,2.220972,2.27043,2.326228,2.374356,2.429999,2.523342,2.627576,2.732343,2.827081,2.883974,2.933438,2.991085,3.042455
,15,2.129762,2.178291,2.232986,2.280114,2.334548,2.425738,2.527385,2.629369,2.721436,2.776658,2.824627,2.880485,2.930219
,20,2.064394,2.112546,2.166755,2.213416,2.267256,2.357321,2.457532,2.557887,2.648329,2.702507,2.74953,2.80424,2.852909
,30,1.980651,2.029098,2.083515,2.130252,2.184065,2.273819,2.373308,2.472563,2.561702,2.614964,2.661112,2.714711,2.762312
,40,1.931553,1.981106,2.036638,2.084227,2.138905,2.229835,2.330254,2.430067,2.519408,2.572661,2.618724,2.672139,2.7195
,50,1.884894,1.935601,1.992295,2.040776,2.096363,2.188542,2.289982,2.390454,2.480104,2.533419,2.579465,2.632781,2.679983
,60,1.842425,1.894362,1.952304,2.001751,2.058335,2.151919,2.254566,2.355906,2.446071,2.499582,2.545734,2.5991,2.646283
,70,1.789932,1.84277,1.901597,1.9517,2.00893,2.103346,2.20659,2.308217,2.398401,2.451824,2.497842,2.550988,2.597923
,80,1.745691,1.799666,1.859631,1.910605,1.968722,2.064367,2.168642,2.270989,2.361582,2.415152,2.461241,2.514409,2.561308
,90,1.704192,1.75944,1.820681,1.872632,1.931748,2.028787,2.134253,2.237461,2.328581,2.382363,2.42858,2.481833,2.528755
R_parsopercularis,5,2.535721,2.586067,2.642699,2.691406,2.747562,2.841395,2.945651,3.049907,3.14374,3.199896,3.248603,3.305235,3.355581
,10,2.453394,2.503686,2.560257,2.608911,2.665006,2.758738,2.86288,2.967023,3.060755,3.11685,3.165504,3.222075,3.272367
,15,2.372583,2.422821,2.479331,2.527932,2.583966,2.677596,2.781627,2.885657,2.979287,3.035322,3.083923,3.140432,3.19067
,20,2.29536,2.345543,2.401991,2.45054,2.506514,2.600043,2.703961,2.807878,2.901408,2.957381,3.00593,3.062378,3.112562
,30,2.176298,2.226373,2.282698,2.331142,2.386994,2.48032,2.584012,2.687704,2.78103,2.836882,2.885325,2.941651,2.991725
,40,2.106649,2.156614,2.212818,2.261155,2.316886,2.410009,2.513475,2.616942,2.710065,2.765795,2.814133,2.870336,2.920302
,50,2.062044,2.111901,2.167982,2.216215,2.271824,2.364745,2.467986,2.571228,2.664149,2.719758,2.767991,2.824072,2.873929
,60,2.03102,2.080769,2.136729,2.184858,2.240347,2.333067,2.436086,2.539104,2.631824,2.687314,2.735442,2.791402,2.841151
,70,1.988481,2.038125,2.093965,2.141991,2.197361,2.289883,2.392682,2.495481,2.588003,2.643373,2.691399,2.747239,2.796883
,80,1.958882,2.00842,2.064142,2.112066,2.167319,2.259645,2.362226,2.464807,2.557133,2.612386,2.66031,2.716032,2.76557
,90,1.945346,1.994779,2.050383,2.098206,2.153343,2.245474,2.347838,2.450202,2.542333,2.597469,2.645292,2.700896,2.75033
R_parsorbitalis,5,2.489577,2.594,2.703801,2.792726,2.889824,3.041111,3.195937,3.339392,3.460408,3.529641,3.587944,3.653844,3.710843
,10,2.421664,2.507347,2.600821,2.678967,2.766705,2.908219,3.058826,3.203325,3.328756,3.401917,3.464297,3.535638,3.59804
,15,2.348199,2.422571,2.505629,2.57658,2.65785,2.792442,2.940324,3.08658,3.216916,3.294359,3.361204,3.43856,3.507008
,20,2.271403,2.340899,2.419361,2.487084,2.565434,2.696981,2.844028,2.991975,3.125874,3.206333,3.276312,3.3579,3.430629
,30,2.163444,2.231916,2.309308,2.376177,2.453618,2.583823,2.729633,2.8766,3.009831,3.089985,3.159756,3.241166,3.313796
,40,2.115015,2.183413,2.260455,2.326802,2.403394,2.531599,2.674359,2.817435,2.946465,3.023797,3.090938,3.169079,3.238615
,50,2.106012,2.169865,2.242322,2.305169,2.378225,2.501707,2.64093,2.782236,2.911158,2.989087,3.057143,3.136809,3.208112
,60,2.092737,2.151085,2.218166,2.277102,2.346501,2.465986,2.60403,2.747787,2.882186,2.96494,3.038148,3.124963,3.203692
,70,2.023399,2.081742,2.148964,2.208152,2.277999,2.398631,2.538578,2.684961,2.822392,2.907284,2.982553,3.072014,3.15333
,80,1.958004,2.026906,2.105157,2.173082,2.252098,2.385779,2.536672,2.689982,2.82998,2.914655,2.988631,3.075258,3.152818
,90,1.892952,1.981408,2.079305,2.162244,2.256525,2.411114,2.578956,2.743104,2.887987,2.9735,3.046987,3.13167,3.206295
R_parstriangularis,5,2.483912,2.536698,2.595187,2.6449,2.701729,2.79607,2.901014,3.007413,3.105612,3.165973,3.219543,3.283507,3.342126
,10,2.369417,2.421702,2.479652,2.528924,2.585268,2.678862,2.783083,2.88889,2.986692,3.04689,3.100372,3.164302,3.222965
,15,2.263015,2.314902,2.372429,2.421359,2.477335,2.570381,2.674106,2.779559,2.877194,2.937374,2.990898,3.054956,3.113813
,20,2.173797,2.225417,2.282666,2.331377,2.387126,2.47986,2.583353,2.688724,2.786446,2.846767,2.900477,2.964837,3.02405
,30,2.06617,2.117196,2.173808,2.222,2.277188,2.369089,2.471846,2.576737,2.674312,2.734706,2.788597,2.853325,2.913031
,40,2.00412,2.054183,2.10973,2.157024,2.2112,2.301482,2.402573,2.505989,2.602454,2.662311,2.71583,2.780255,2.839827
,50,1.971553,2.020964,2.075783,2.122458,2.175937,2.265106,2.365078,2.467557,2.563402,2.623021,2.676434,2.740875,2.800612
,60,1.934474,1.983276,2.037412,2.083508,2.136333,2.224466,2.323407,2.425046,2.52037,2.579819,2.633192,2.697737,2.757728
,70,1.882576,1.931812,1.986449,2.032995,2.086369,2.175522,2.275822,2.379164,2.476435,2.537296,2.592077,2.658515,2.720461
,80,1.8474,1.898595,1.955455,2.003939,2.059595,2.152727,2.257809,2.366497,2.469258,2.533808,2.592089,2.663012,2.729386
,90,1.815189,1.868902,1.928625,1.979614,2.038225,2.136521,2.247817,2.36345,2.473339,2.542676,2.605499,2.682241,2.754365
R_pericalcarine,5,1.51656,1.549854,1.588703,1.623359,1.664816,1.73792,1.825256,1.919721,2.011512,2.069802,2.122547,2.186589,2.246121
,10,1.432253,1.464326,1.501789,1.535244,1.57531,1.646076,1.730816,1.82271,1.912239,1.969214,2.02085,2.083646,2.142121
,15,1.367299,1.398523,1.435032,1.467671,1.506803,1.576037,1.659139,1.749497,1.83777,1.894068,1.945173,2.007429,2.065504
,20,1.329549,1.360467,1.396657,1.429045,1.467918,1.53681,1.619691,1.710048,1.798557,1.855129,1.906564,1.969329,2.027984
,30,1.299361,1.330314,1.366606,1.39914,1.438258,1.507767,1.591706,1.68361,1.774034,1.832037,1.884916,1.949623,2.010274
,40,1.278235,1.308772,1.344604,1.376753,1.415442,1.484281,1.567573,1.658974,1.749118,1.807056,1.859952,1.924785,1.985657
,50,1.256881,1.286677,1.321653,1.353046,1.39084,1.458131,1.539628,1.629164,1.717583,1.774472,1.826456,1.890226,1.95016
,60,1.243652,1.27294,1.307333,1.338214,1.37541,1.441683,1.522032,1.61042,1.697825,1.754128,1.805622,1.868854,1.928344
,70,1.229454,1.258403,1.292422,1.322988,1.359832,1.425554,1.505368,1.593342,1.680521,1.736779,1.7883,1.851657,1.911358
,80,1.205233,1.233621,1.267003,1.297019,1.333228,1.397893,1.47656,1.563448,1.649742,1.70553,1.756694,1.819706,1.879179
,90,1.158077,1.185256,1.217232,1.246,1.280722,1.34279,1.4184,1.502045,1.585265,1.639146,1.688617,1.74962,1.807276
R_postcentral,5,2.00989,2.050353,2.096437,2.136484,2.183025,2.261302,2.348493,2.43986,2.529678,2.587009,2.63892,2.701849,2.760145
,10,1.914687,1.953324,1.997377,2.035712,2.08034,2.155642,2.239965,2.328212,2.414259,2.468867,2.518125,2.577625,2.632552
,15,1.833408,1.870497,1.912831,1.94972,1.992739,2.065558,2.147527,2.233194,2.316051,2.36833,2.415312,2.47186,2.523881
,20,1.781182,1.81731,1.858591,1.89461,1.936687,2.008137,2.088979,2.173349,2.254293,2.305072,2.350534,2.405059,2.455048
,30,1.727804,1.763047,1.803404,1.838712,1.880094,1.950806,2.031619,2.115709,2.195092,2.244319,2.288066,2.340167,2.387612
,40,1.691596,1.726319,1.766163,1.801111,1.842208,1.912864,1.994396,2.078969,2.157534,2.205695,2.248179,2.298427,2.343882
,50,1.665136,1.699555,1.739129,1.773931,1.814986,1.885998,1.968704,2.054209,2.132381,2.17975,2.221231,2.269958,2.313752
,60,1.64041,1.67458,1.713946,1.74865,1.789721,1.861178,1.945149,2.031654,2.109492,2.156117,2.196651,2.243947,2.286184
,70,1.596021,1.62955,1.66825,1.70245,1.74305,1.814096,1.898299,1.984719,2.061258,2.10658,2.145698,2.191039,2.231279
,80,1.560761,1.593853,1.632121,1.666018,1.706379,1.777409,1.86228,1.94904,2.024679,2.068956,2.106898,2.15059,2.189129
,90,1.523019,1.555637,1.593423,1.626971,1.667033,1.737925,1.823289,1.910189,1.98477,2.02793,2.064652,2.106666,2.143504
R_posteriorcingulate,5,2.5064,2.569976,2.636119,2.689467,2.748021,2.84186,2.945876,3.057365,3.172638,3.253024,3.332856,3.441884,3.558884
,10,2.421705,2.478435,2.538873,2.58865,2.644256,2.735031,2.836805,2.945192,3.054479,3.128321,3.199502,3.293188,3.389331
,15,2.337387,2.389555,2.446129,2.493444,2.546972,2.635484,2.735425,2.841197,2.945742,3.01468,3.079646,3.162816,3.24539
,20,2.259355,2.308389,2.362277,2.40786,2.459903,2.546748,2.64525,2.74894,2.849854,2.915176,2.975698,3.0516,3.125143
,30,2.149838,2.195284,2.246149,2.28984,2.340344,2.425657,2.523036,2.624877,2.72209,2.783566,2.839321,2.907469,2.971524
,40,2.106535,2.150903,2.201103,2.244615,2.295285,2.381516,2.480358,2.583435,2.680853,2.741709,2.796281,2.86208,2.922942
,50,2.071821,2.115404,2.165091,2.208445,2.259214,2.346158,2.446342,2.55098,2.649632,2.710986,2.765758,2.831418,2.891724
,60,2.05165,2.093827,2.142314,2.184953,2.235255,2.322245,2.423648,2.530664,2.632383,2.695965,2.752891,2.821299,2.884252
,70,2.020836,2.060291,2.10612,2.146836,2.195365,2.280544,2.381818,2.490984,2.596894,2.664149,2.725046,2.799076,2.868021
,80,2.006394,2.042997,2.085983,2.124603,2.171175,2.254387,2.355859,2.4685,2.581222,2.654663,2.722469,2.806645,2.886837
,90,2.025878,2.060421,2.101389,2.138582,2.183936,2.266424,2.369732,2.488272,2.611438,2.694387,2.773041,2.873674,2.972893
R_precentral,5,2.13186,2.244734,2.348036,2.422658,2.496585,2.598559,2.688886,2.768598,2.838472,2.879294,2.913992,2.953448,2.987694
,10,2.159336,2.2498,2.337531,2.403794,2.471748,2.569138,2.658897,2.739879,2.811396,2.853421,2.889293,2.930257,2.965964
,15,2.168521,2.242845,2.318391,2.37761,2.4402,2.533119,2.622109,2.704222,2.777337,2.82058,2.857666,2.900218,2.937488
,20,2.158326,2.22191,2.288664,2.342445,2.400657,2.489668,2.577879,2.660934,2.735401,2.779693,2.817841,2.861806,2.900489
,30,2.106806,2.162057,2.221607,2.270758,2.325182,2.411035,2.499552,2.584297,2.659843,2.704663,2.743243,2.787718,2.826884
,40,2.047753,2.10306,2.162784,2.212222,2.267186,2.354594,2.445912,2.532724,2.608119,2.652089,2.689555,2.73236,2.769752
,50,1.998693,2.055628,2.117077,2.167982,2.224702,2.315411,2.411131,2.501245,2.57736,2.620939,2.657669,2.699232,2.735227
,60,1.943585,2.000209,2.061704,2.112995,2.170577,2.263815,2.363924,2.457918,2.535627,2.579487,2.616153,2.657354,2.692817
,70,1.881139,1.933326,1.991039,2.040024,2.095977,2.188882,2.291877,2.389673,2.469745,2.514628,2.552016,2.593917,2.62991
,80,1.836111,1.881271,1.932564,1.977245,2.029618,2.119902,2.224903,2.327409,2.411716,2.459075,2.498609,2.543029,2.581303
,90,1.799122,1.837959,1.883177,1.923568,1.972164,2.059323,2.166195,2.27431,2.364366,2.415334,2.458119,2.506478,2.548412
R_precuneus,5,2.451074,2.513024,2.576559,2.627053,2.681539,2.76615,2.854546,2.941104,3.020646,3.070236,3.115091,3.170075,3.222172
,10,2.303181,2.361349,2.421571,2.469816,2.522221,2.604181,2.69029,2.774708,2.85203,2.89999,2.943158,2.995754,3.045235
,15,2.174394,2.229673,2.287394,2.33397,2.384866,2.464982,2.549588,2.632635,2.708493,2.755338,2.797318,2.848197,2.895761
,20,2.089063,2.142598,2.198932,2.244691,2.294969,2.374586,2.459077,2.542123,2.617815,2.664381,2.705956,2.756109,2.802738
,30,2.002585,2.05321,2.107233,2.15164,2.200922,2.279832,2.364367,2.447747,2.523548,2.569921,2.611085,2.660379,2.705806
,40,1.967348,2.015066,2.066597,2.109393,2.157301,2.234773,2.318502,2.401429,2.476754,2.522672,2.563267,2.611626,2.655901
,50,1.947655,1.992526,2.041468,2.082469,2.128711,2.204134,2.286304,2.368037,2.442298,2.487471,2.527298,2.574562,2.617631
,60,1.922066,1.965522,2.013319,2.053653,2.099431,2.174654,2.257195,2.339648,2.414637,2.460201,2.500301,2.547765,2.590869
,70,1.852732,1.896598,1.945195,1.98647,2.033582,2.111526,2.197642,2.284062,2.362812,2.410657,2.452729,2.502452,2.547509
,80,1.772074,1.817466,1.868099,1.911367,1.961028,2.043752,2.135818,2.228722,2.313655,2.365321,2.41076,2.464445,2.513049
,90,1.689673,1.737043,1.790242,1.835984,1.888783,1.977374,2.076773,2.177759,2.270527,2.327106,2.37693,2.435845,2.489208
R_rostralanteriorcingulate,5,2.337093,2.525946,2.698431,2.823411,2.948583,3.1268,3.295904,3.447386,3.575853,3.651243,3.716564,3.793171,3.862489
,10,2.394707,2.516756,2.639648,2.735838,2.838253,2.994436,3.153587,3.304849,3.439296,3.520735,3.592773,3.678962,3.758499
,15,2.403844,2.495644,2.593024,2.672728,2.760961,2.902236,3.054556,3.207145,3.349151,3.438078,3.518567,3.617114,3.710225
,20,2.363839,2.445741,2.534108,2.60757,2.690083,2.824783,2.973545,3.126189,3.271451,3.363969,3.448727,3.553812,3.654416
,30,2.196218,2.286067,2.381295,2.459169,2.545298,2.682988,2.831063,2.978881,3.115872,3.201336,3.27846,3.372574,3.461173
,40,2.140909,2.228434,2.321798,2.398587,2.483957,2.621338,2.770215,2.919864,3.059346,3.146705,3.225739,3.322425,3.413666
,50,2.141606,2.22216,2.309617,2.382728,2.465251,2.600772,2.751353,2.90652,3.054481,3.148749,3.235077,3.342012,3.444249
,60,2.146806,2.228818,2.318187,2.393151,2.47803,2.617985,2.774229,2.935916,3.090627,3.189422,3.280029,3.392422,3.500022
,70,2.145991,2.226817,2.315553,2.390508,2.475942,2.618089,2.778579,2.94654,3.108934,3.213446,3.309831,3.430079,3.545894
,80,2.15,2.232664,2.323687,2.400784,2.488882,2.635943,2.802613,2.977633,3.147306,3.256693,3.357681,3.483798,3.60538
,90,2.205908,2.29088,2.384934,2.464994,2.556908,2.71133,2.887752,3.074502,3.256879,3.375103,3.484676,3.622064,3.755071
R_rostralmiddlefrontal,5,2.420123,2.471549,2.528141,2.575906,2.630108,2.719084,2.816468,2.913329,3.000923,3.053864,3.100255,3.154905,3.204269
,10,2.26916,2.316783,2.369392,2.413965,2.464738,2.548555,2.640998,2.733737,2.818336,2.869825,2.915176,2.968887,3.017679
,15,2.149816,2.194525,2.244084,2.286215,2.334375,2.414294,2.503089,2.592923,2.675594,2.72627,2.771143,2.824587,2.873428
,20,2.073806,2.116718,2.16441,2.205064,2.251669,2.32935,2.41622,2.504785,2.586964,2.637686,2.682834,2.736906,2.786616
,30,2.008304,2.04935,2.095087,2.13419,2.179172,2.254581,2.339698,2.427531,2.510163,2.561782,2.608162,2.664279,2.716449
,40,1.974844,2.015328,2.060393,2.098904,2.14321,2.217586,2.301853,2.389392,2.472501,2.524873,2.572268,2.630081,2.684322
,50,1.947301,1.988662,2.034448,2.073389,2.118007,2.192566,2.276729,2.364078,2.447176,2.49972,2.547433,2.605888,2.66102
,60,1.919631,1.963396,2.011367,2.051805,2.097769,2.173824,2.258792,2.34632,2.429262,2.481655,2.529249,2.587626,2.642791
,70,1.858733,1.906552,1.958324,2.001482,2.050053,2.129444,2.217009,2.306372,2.390627,2.443771,2.492054,2.551341,2.607478
,80,1.822342,1.878532,1.938457,1.987747,2.042563,2.13088,2.226852,2.323776,2.414682,2.471955,2.524023,2.588067,2.648877
,90,1.766606,1.835098,1.906692,1.964549,2.027908,2.128117,2.234971,2.341458,2.440657,2.503046,2.559792,2.629715,2.6963
R_superiorfrontal,5,2.78963,2.844428,2.904096,2.953966,3.01004,3.100976,3.199046,3.295227,3.381151,3.432637,3.477499,3.530057,3.577276
,10,2.660054,2.713405,2.771542,2.820172,2.8749,2.963781,3.05984,3.154301,3.238938,3.289782,3.334168,3.386274,3.433193
,15,2.551753,2.603975,2.660928,2.708608,2.762319,2.849675,2.944302,3.037617,3.12149,3.172009,3.216201,3.268194,3.315121
,20,2.469048,2.520427,2.576509,2.623503,2.676493,2.762812,2.856544,2.949253,3.03286,3.083362,3.127635,3.179846,3.227088
,30,2.365511,2.415427,2.47001,2.515836,2.567617,2.652253,2.744635,2.836607,2.920153,2.970934,3.015664,3.068685,3.116928
,40,2.309895,2.358794,2.412353,2.457401,2.508405,2.592054,2.683847,2.775864,2.860108,2.91166,2.957309,3.011728,3.061549
,50,2.272985,2.321239,2.374164,2.418749,2.469325,2.552539,2.644349,2.737041,2.822611,2.87536,2.922336,2.978686,3.03063
,60,2.23278,2.281084,2.334128,2.378881,2.42974,2.513695,2.606842,2.701607,2.789888,2.844748,2.893916,2.953308,3.008479
,70,2.156673,2.205379,2.258941,2.304207,2.355756,2.441169,2.536538,2.634413,2.726544,2.784331,2.836504,2.900041,2.959592
,80,2.105671,2.155825,2.211069,2.257849,2.311249,2.400107,2.500051,2.603659,2.702368,2.764954,2.821948,2.892023,2.958402
,90,2.066658,2.118505,2.175712,2.224258,2.279816,2.372699,2.478025,2.588457,2.695124,2.763604,2.826591,2.904907,2.980027
R_superiorparietal,5,2.227762,2.267661,2.312541,2.35114,2.395643,2.470004,2.552626,2.635247,2.709608,2.754111,2.79271,2.83759,2.877489
,10,2.080463,2.120146,2.164782,2.203171,2.247432,2.32139,2.403562,2.485734,2.559692,2.603953,2.642342,2.686978,2.726661
,15,1.962709,2.002185,2.046589,2.084778,2.128809,2.202382,2.284127,2.365872,2.439444,2.483475,2.521665,2.566069,2.605545
,20,1.897214,1.9365,1.980691,2.018697,2.062516,2.135736,2.217088,2.29844,2.37166,2.415479,2.453485,2.497676,2.536962
,30,1.832107,1.871079,1.914916,1.952618,1.996085,2.068718,2.149419,2.230119,2.302752,2.34622,2.383922,2.427759,2.46673
,40,1.800382,1.839198,1.882859,1.920411,1.963705,2.036048,2.116426,2.196804,2.269146,2.312441,2.349992,2.393653,2.432469
,50,1.787012,1.825902,1.869647,1.90727,1.950647,2.023127,2.103659,2.18419,2.256671,2.300048,2.337671,2.381416,2.420305
,60,1.763988,1.803269,1.847453,1.885454,1.929267,2.002476,2.083816,2.165157,2.238366,2.282178,2.320179,2.364364,2.403644
,70,1.706279,1.746264,1.79124,1.829922,1.87452,1.949041,2.031839,2.114638,2.189159,2.233757,2.272439,2.317415,2.357399
,80,1.662813,1.703593,1.749464,1.788915,1.8344,1.910404,1.994849,2.079295,2.155298,2.200783,2.240235,2.286106,2.326886
,90,1.606641,1.648228,1.695007,1.735239,1.781624,1.859132,1.945249,2.031365,2.108873,2.155258,2.19549,2.242269,2.283856
R_superiortemporal,5,2.52687,2.636836,2.742936,2.822846,2.904716,3.022185,3.130968,3.22845,3.313051,3.362235,3.403958,3.451349,3.492463
,10,2.520975,2.607319,2.695447,2.764806,2.838408,2.948336,3.054524,3.152467,3.23892,3.28978,3.333269,3.383042,3.426543
,15,2.49854,2.568643,2.643171,2.703886,2.770265,2.873093,2.976593,3.074972,3.163481,3.216274,3.26184,3.314472,3.360889
,20,2.46972,2.529084,2.593984,2.648217,2.708911,2.805856,2.90709,3.006067,3.096792,3.151671,3.199504,3.255296,3.304985
,30,2.402822,2.455235,2.513614,2.563289,2.619881,2.712602,2.8127,2.912594,3.004769,3.060856,3.109982,3.16759,3.219193
,40,2.342016,2.395879,2.455666,2.506403,2.564099,2.658535,2.760554,2.861229,2.952081,3.006512,3.053715,3.108556,3.157249
,50,2.293523,2.347377,2.407226,2.458102,2.516096,2.611465,2.715279,2.817294,2.907937,2.96167,3.007968,3.061446,3.108674
,60,2.26241,2.312013,2.367902,2.416067,2.471735,2.565171,2.669693,2.774006,2.866901,2.922088,2.969741,3.024925,3.073803
,70,2.199074,2.245061,2.297408,2.342994,2.396263,2.487183,2.591255,2.696349,2.789869,2.84542,2.893415,2.949053,2.998404
,80,2.110066,2.15449,2.205212,2.249541,2.301554,2.390968,2.494382,2.598709,2.690411,2.744409,2.790816,2.844362,2.891654
,90,2.012378,2.055517,2.104853,2.148063,2.198902,2.28675,2.389121,2.492007,2.581128,2.633059,2.677404,2.728273,2.77296
R_supramarginal,5,2.283146,2.453985,2.594327,2.68689,2.772789,2.886282,2.990038,3.087269,3.180482,3.243355,3.304801,3.38748,3.474581
,10,2.394147,2.468812,2.543593,2.60184,2.663606,2.757467,2.853091,2.944537,3.026818,3.077322,3.122508,3.177283,3.228583
,15,2.338577,2.394744,2.454508,2.503485,2.557658,2.643926,2.735526,2.824826,2.904911,2.953322,2.995894,3.046358,3.092347
,20,2.280982,2.329466,2.382459,2.426927,2.47714,2.559126,2.648456,2.737182,2.817562,2.866301,2.909155,2.95985,3.005876
,30,2.188264,2.235163,2.286606,2.329942,2.379093,2.459927,2.54902,2.638823,2.721551,2.772446,2.817698,2.871884,2.921734
,40,2.104465,2.160441,2.219845,2.268468,2.322274,2.408291,2.500664,2.592566,2.677302,2.729898,2.777158,2.834551,2.888286
,50,2.087223,2.137663,2.193234,2.240144,2.293332,2.380376,2.47495,2.567901,2.650671,2.699982,2.742698,2.79238,2.836626
,60,2.041654,2.091673,2.147245,2.194485,2.24835,2.337014,2.433721,2.528711,2.612876,2.662691,2.705584,2.755109,2.798838
,70,1.964467,2.013828,2.068876,2.115833,2.169548,2.258337,2.355657,2.451671,2.537044,2.587689,2.631355,2.681832,2.72645
,80,1.901493,1.951976,2.008233,2.056189,2.11101,2.201547,2.300672,2.398359,2.485132,2.536569,2.580896,2.632111,2.677359
,90,1.853443,1.905242,1.962955,2.012146,2.068371,2.161212,2.262841,2.362981,2.451922,2.504641,2.550071,2.602559,2.648929
R_frontalpole,5,2.382755,2.506626,2.643371,2.75886,2.889634,3.10255,3.331201,3.555693,3.757469,3.878033,3.982413,4.103493,4.21084
,10,2.27726,2.379499,2.494832,2.59422,2.708919,2.900477,3.112694,3.327297,3.525208,3.645689,3.751323,3.875385,3.986734
,15,2.212392,2.301755,2.404026,2.4934,2.597972,2.776026,2.978257,3.187904,3.385665,3.508121,3.616769,3.745897,3.863191
,20,2.161695,2.243633,2.338211,2.421571,2.519949,2.689574,2.885488,3.092116,3.290193,3.414384,3.52556,3.658903,3.781164
,30,2.079062,2.154099,2.241379,2.318912,2.411159,2.572154,2.761235,2.964085,3.16163,3.287053,3.400371,3.537587,3.664662
,40,2.036836,2.111362,2.198126,2.275275,2.367159,2.527783,2.71687,2.919971,3.117738,3.243298,3.356744,3.494129,3.621376
,50,2.014234,2.091002,2.180206,2.259372,2.353473,2.5175,2.709841,2.915249,3.113833,3.239202,3.352014,3.488059,3.613519
,60,1.957465,2.036543,2.128085,2.209013,2.304837,2.470918,2.66417,2.86853,3.063919,3.186203,3.295559,3.4266,3.546658
,70,1.871605,1.952352,2.045386,2.127248,2.223718,2.389784,2.581274,2.781537,2.970707,3.088004,3.192214,3.316265,3.429154
,80,1.856787,1.942999,2.041758,2.128169,2.22943,2.402366,2.599724,2.803631,2.993788,3.110561,3.21361,3.335458,3.445592
,90,1.865263,1.961174,2.070007,2.164366,2.273962,2.458837,2.666539,2.877466,3.070825,3.188068,3.290639,3.410887,3.518651
R_temporalpole,5,2.352571,2.536306,2.723322,2.87196,3.033011,3.285027,3.547827,3.781121,3.959586,4.055401,4.133218,4.218492,4.290269
,10,2.438778,2.619986,2.805904,2.95451,3.116162,3.370007,3.635456,3.872609,4.055718,4.154618,4.235215,4.323796,4.398551
,15,2.513563,2.691868,2.876144,3.024202,3.18584,3.440471,3.707403,3.94737,4.134377,4.235992,4.319086,4.410684,4.488188
,20,2.557885,2.731747,2.91262,3.058629,3.218553,3.471203,3.736634,3.9767,4.165522,4.26874,4.353439,4.447085,4.526533
,30,2.578606,2.741688,2.913241,3.052834,3.206579,3.450609,3.707839,3.943174,4.131689,4.235975,4.322144,4.417989,4.499741
,40,2.604519,2.760766,2.926574,3.06235,3.212548,3.451797,3.704548,3.938247,4.128786,4.235419,4.324127,4.423383,4.508496
,50,2.636427,2.787381,2.948844,3.081843,3.229592,3.465803,3.715978,3.949651,4.143351,4.252946,4.344707,4.447968,4.536974
,60,2.639749,2.78494,2.941372,3.070948,3.215494,3.447484,3.693923,3.926359,4.122029,4.233874,4.328095,4.434703,4.527054
,70,2.55725,2.695429,2.845199,2.969837,3.109364,3.334027,3.573264,3.800957,3.995469,4.107749,4.202899,4.311136,4.405358
,80,2.465188,2.59886,2.744492,2.866177,3.002812,3.223431,3.458811,3.684786,3.880656,3.994831,4.092169,4.203494,4.300892
,90,2.377509,2.507615,2.65009,2.769624,2.904266,3.122305,3.355425,3.581234,3.77989,3.896862,3.997205,4.112622,4.214135
R_transversetemporal,5,2.164763,2.237131,2.318677,2.388927,2.470051,2.605906,2.757272,2.909062,3.046022,3.128138,3.19945,3.282467,3.356361
,10,2.085483,2.157565,2.238718,2.308573,2.389179,2.52402,2.674052,2.824298,2.959698,3.040806,3.111198,3.193096,3.265949
,15,2.010694,2.082586,2.163453,2.233003,2.31319,2.447178,2.596048,2.744917,2.878904,2.95909,3.028639,3.109505,3.181396
,20,1.942469,2.014359,2.095146,2.164563,2.244528,2.377984,2.526041,2.673877,2.806757,2.886203,2.955066,3.035082,3.106173
,30,1.826163,1.898713,1.980068,2.049835,2.130048,2.263572,2.411228,2.558198,2.689926,2.768524,2.836558,2.915507,2.985557
,40,1.736782,1.811055,1.89414,1.965228,2.046786,2.18216,2.331331,2.479299,2.611521,2.690242,2.758285,2.837133,2.906998
,50,1.668872,1.745941,1.831914,1.905286,1.989261,2.1282,2.280707,2.43142,2.565658,2.645397,2.714213,2.79384,2.864292
,60,1.610199,1.690792,1.78041,1.856669,1.943712,2.087216,2.244063,2.398441,2.535465,2.616661,2.686621,2.767447,2.838851
,70,1.549078,1.633464,1.726954,1.806242,1.896467,2.044629,2.20581,2.363763,2.503441,2.585995,2.657006,2.738912,2.811156
,80,1.48519,1.573672,1.671279,1.753742,1.847257,2.000145,2.165616,2.32701,2.469166,2.552956,2.624902,2.707746,2.780699
,90,1.420284,1.513345,1.615486,1.7014,1.798449,1.956335,2.126254,2.291146,2.435772,2.520774,2.593624,2.677362,2.750976
R_insula,5,2.888717,2.981402,3.075369,3.149042,3.227131,3.344034,3.457894,3.561347,3.649421,3.700054,3.742765,3.791067,3.832832
,10,2.814763,2.888624,2.966697,3.030019,3.099023,3.205634,3.312845,3.413716,3.502791,3.555266,3.60021,3.651761,3.696928
,15,2.758593,2.821015,2.888803,2.945089,3.007686,3.106795,3.209106,3.308496,3.399491,3.454459,3.502313,3.55805,3.607614
,20,2.723656,2.779841,2.84183,2.894037,2.952842,3.047418,3.146734,3.24565,3.339106,3.396855,3.447893,3.508213,3.562623
,30,2.634993,2.687376,2.745679,2.795153,2.85123,2.941987,3.037697,3.135137,3.230849,3.291676,3.346456,3.412397,3.472962
,40,2.555122,2.611514,2.673618,2.725741,2.784136,2.876948,2.972279,3.068509,3.16396,3.224928,3.279959,3.346295,3.407265
,50,2.493887,2.557271,2.625953,2.682674,2.745193,2.842213,2.938621,3.034548,3.130117,3.191193,3.246263,3.312512,3.373231
,60,2.465787,2.535591,2.610399,2.671497,2.738078,2.839641,2.938081,3.03546,3.133748,3.197011,3.254263,3.323332,3.386775
,70,2.407278,2.480366,2.558386,2.621816,2.690563,2.794434,2.893479,2.991708,3.092997,3.15908,3.219387,3.292699,3.360517
,80,2.356595,2.426972,2.502913,2.5652,2.63317,2.736477,2.835075,2.934744,3.041521,3.113127,3.179718,3.262195,3.339929
,90,2.31723,2.382451,2.453995,2.513535,2.579323,2.680696,2.778426,2.880109,2.99465,3.074505,3.15091,3.248395,3.343176
,,,,,,,,,,,,,,